DAY_OF_WEEK,MONTH_OF_THE_YEAR,FESTIVAL_DAY,FESTIVAL_EFFECT,TYPE_OF_DAY_CODE,DATE
1,1,1,-2,0,2024-01-01
2,1,0,0,0,2024-01-02
3,1,0,0,1,2024-01-03
4,1,0,0,1,2024-01-04
5,1,0,0,0,2024-01-05
6,1,0,0,0,2024-01-06
0,1,0,0,-1,2024-01-07
1,1,0,0,1,2024-01-08
2,1,0,0,-1,2024-01-09
3,1,0,0,0,2024-01-10
4,1,0,0,0,2024-01-11
5,1,0,0,1,2024-01-12
6,1,0,0,1,2024-01-13
0,1,1,-2,-1,2024-01-14
1,1,1,-2,-1,2024-01-15
2,1,1,-2,-1,2024-01-16
3,1,0,0,1,2024-01-17
4,1,0,0,1,2024-01-18
5,1,0,0,1,2024-01-19
6,1,0,0,0,2024-01-20
0,1,0,0,-1,2024-01-21
1,1,0,0,1,2024-01-22
2,1,0,0,-1,2024-01-23
3,1,0,0,0,2024-01-24
4,1,0,0,0,2024-01-25
5,1,1,-1,-1,2024-01-26
6,1,0,0,0,2024-01-27
0,1,0,0,-1,2024-01-28
1,1,0,0,1,2024-01-29
2,1,0,0,-1,2024-01-30
3,1,0,0,0,2024-01-31
4,2,0,0,0,2024-02-01
5,2,0,0,0,2024-02-02
6,2,0,0,0,2024-02-03
0,2,0,0,-1,2024-02-04
1,2,0,0,1,2024-02-05
2,2,0,0,-1,2024-02-06
3,2,0,0,0,2024-02-07
4,2,0,0,0,2024-02-08
5,2,0,0,0,2024-02-09
6,2,0,0,0,2024-02-10
0,2,0,0,-1,2024-02-11
1,2,0,0,1,2024-02-12
2,2,0,0,1,2024-02-13
3,2,0,0,1,2024-02-14
4,2,0,0,0,2024-02-15
5,2,0,0,0,2024-02-16
6,2,0,0,1,2024-02-17
0,2,0,0,1,2024-02-18
1,2,0,0,1,2024-02-19
2,2,0,0,-1,2024-02-20
3,2,0,0,0,2024-02-21
4,2,0,0,0,2024-02-22
5,2,1,-2,1,2024-02-23
6,2,1,-2,1,2024-02-24
0,2,1,-1,1,2024-02-25
1,2,0,0,1,2024-02-26
2,2,0,0,-1,2024-02-27
3,2,0,0,1,2024-02-28
4,2,0,0,1,2024-02-29
5,3,0,0,0,2024-03-01
6,3,0,0,1,2024-03-02
0,3,0,0,1,2024-03-03
1,3,0,0,1,2024-03-04
2,3,0,0,-1,2024-03-05
3,3,0,0,1,2024-03-06
4,3,0,0,1,2024-03-07
5,3,1,-1,0,2024-03-08
6,3,0,0,0,2024-03-09
0,3,0,0,-1,2024-03-10
1,3,0,0,1,2024-03-11
2,3,0,0,-1,2024-03-12
3,3,0,0,1,2024-03-13
4,3,0,0,0,2024-03-14
5,3,0,0,0,2024-03-15
6,3,0,0,1,2024-03-16
0,3,0,0,1,2024-03-17
1,3,0,0,1,2024-03-18
2,3,0,0,-1,2024-03-19
3,3,0,0,0,2024-03-20
4,3,0,0,0,2024-03-21
5,3,0,0,1,2024-03-22
6,3,0,0,0,2024-03-23
0,3,0,0,1,2024-03-24
1,3,1,-2,0,2024-03-25
2,3,0,0,-1,2024-03-26
3,3,0,0,1,2024-03-27
4,3,0,0,0,2024-03-28
5,3,0,0,1,2024-03-29
6,3,0,0,1,2024-03-30
0,3,0,0,1,2024-03-31
1,4,0,0,1,2024-04-01
2,4,0,0,0,2024-04-02
3,4,0,0,0,2024-04-03
4,4,0,0,1,2024-04-04
5,4,1,1,1,2024-04-05
6,4,0,0,0,2024-04-06
0,4,0,0,-1,2024-04-07
1,4,0,0,-1,2024-04-08
2,4,1,-2,-1,2024-04-09
3,4,0,0,1,2024-04-10
4,4,1,-1,-1,2024-04-11
5,4,0,0,1,2024-04-12
6,4,0,0,1,2024-04-13
0,4,1,-1,-1,2024-04-14
1,4,0,0,1,2024-04-15
2,4,0,0,1,2024-04-16
3,4,1,-3,-1,2024-04-17
4,4,0,0,1,2024-04-18
5,4,0,0,1,2024-04-19
6,4,0,0,1,2024-04-20
0,4,0,0,1,2024-04-21
1,4,0,0,1,2024-04-22
2,4,0,0,0,2024-04-23
3,4,0,0,1,2024-04-24
4,4,0,0,0,2024-04-25
5,4,0,0,1,2024-04-26
6,4,0,0,0,2024-04-27
0,4,0,0,0,2024-04-28
1,4,0,0,1,2024-04-29
2,4,0,0,0,2024-04-30
3,5,1,-1,-1,2024-05-01
4,5,0,0,0,2024-05-02
5,5,0,0,0,2024-05-03
6,5,0,0,0,2024-05-04
0,5,0,0,-1,2024-05-05
1,5,0,0,1,2024-05-06
2,5,0,0,0,2024-05-07
3,5,0,0,-1,2024-05-08
4,5,0,0,0,2024-05-09
5,5,0,0,1,2024-05-10
6,5,0,0,0,2024-05-11
0,5,0,0,0,2024-05-12
1,5,0,0,1,2024-05-13
2,5,0,0,0,2024-05-14
3,5,0,0,0,2024-05-15
4,5,0,0,0,2024-05-16
5,5,0,0,0,2024-05-17
6,5,0,0,0,2024-05-18
0,5,0,0,-1,2024-05-19
1,5,0,0,1,2024-05-20
2,5,0,0,0,2024-05-21
3,5,0,0,0,2024-05-22
4,5,0,0,0,2024-05-23
5,5,0,0,0,2024-05-24
6,5,0,0,0,2024-05-25
0,5,0,0,-1,2024-05-26
1,5,0,0,1,2024-05-27
2,5,0,0,0,2024-05-28
3,5,0,0,0,2024-05-29
4,5,0,0,0,2024-05-30
5,5,0,0,0,2024-05-31
6,6,0,0,0,2024-06-01
0,6,1,0,-1,2024-06-02
1,6,0,0,1,2024-06-03
2,6,0,0,0,2024-06-04
3,6,0,0,0,2024-06-05
4,6,0,0,-1,2024-06-06
5,6,0,0,1,2024-06-07
6,6,0,0,0,2024-06-08
0,6,0,0,0,2024-06-09
1,6,0,0,1,2024-06-10
2,6,0,0,0,2024-06-11
3,6,0,0,0,2024-06-12
4,6,0,0,0,2024-06-13
5,6,0,0,0,2024-06-14
6,6,0,0,0,2024-06-15
0,6,0,0,0,2024-06-16
1,6,1,-3,-1,2024-06-17
2,6,0,0,0,2024-06-18
3,6,0,0,0,2024-06-19
4,6,0,0,0,2024-06-20
5,6,0,0,0,2024-06-21
6,6,0,0,0,2024-06-22
0,6,0,0,-1,2024-06-23
1,6,0,0,1,2024-06-24
2,6,0,0,0,2024-06-25
3,6,0,0,0,2024-06-26
4,6,0,0,0,2024-06-27
5,6,0,0,0,2024-06-28
6,6,0,0,0,2024-06-29
0,6,0,0,-1,2024-06-30
1,7,0,0,1,2024-07-01
2,7,0,0,0,2024-07-02
3,7,0,0,0,2024-07-03
4,7,0,0,0,2024-07-04
5,7,0,0,-1,2024-07-05
6,7,0,0,0,2024-07-06
0,7,1,-1,-1,2024-07-07
1,7,0,0,1,2024-07-08
2,7,0,0,0,2024-07-09
3,7,0,0,0,2024-07-10
4,7,0,0,0,2024-07-11
5,7,0,0,1,2024-07-12
6,7,0,0,0,2024-07-13
0,7,0,0,1,2024-07-14
1,7,0,0,0,2024-07-15
2,7,0,0,0,2024-07-16
3,7,1,-1,-1,2024-07-17
4,7,0,0,0,2024-07-18
5,7,0,0,0,2024-07-19
6,7,0,0,0,2024-07-20
0,7,1,-2,-1,2024-07-21
1,7,0,0,1,2024-07-22
2,7,0,0,0,2024-07-23
3,7,0,0,0,2024-07-24
4,7,0,0,0,2024-07-25
5,7,0,0,0,2024-07-26
6,7,0,0,0,2024-07-27
0,7,0,0,-1,2024-07-28
1,7,1,0,1,2024-07-29
2,7,0,0,0,2024-07-30
3,7,0,0,0,2024-07-31
4,8,0,0,0,2024-08-01
5,8,0,0,0,2024-08-02
6,8,0,0,0,2024-08-03
0,8,0,0,-1,2024-08-04
1,8,0,0,1,2024-08-05
2,8,0,0,0,2024-08-06
3,8,0,0,1,2024-08-07
4,8,0,0,1,2024-08-08
5,8,0,0,1,2024-08-09
6,8,0,0,1,2024-08-10
0,8,0,0,1,2024-08-11
1,8,0,0,1,2024-08-12
2,8,0,0,0,2024-08-13
3,8,0,0,0,2024-08-14
4,8,1,-2,0,2024-08-15
5,8,1,1,0,2024-08-16
6,8,0,0,1,2024-08-17
0,8,0,0,1,2024-08-18
1,8,1,3,1,2024-08-19
2,8,0,0,1,2024-08-20
3,8,0,0,1,2024-08-21
4,8,0,0,1,2024-08-22
5,8,0,0,1,2024-08-23
6,8,0,0,1,2024-08-24
0,8,0,0,-1,2024-08-25
1,8,1,-1,-1,2024-08-26
2,8,0,0,0,2024-08-27
3,8,0,0,1,2024-08-28
4,8,0,0,0,2024-08-29
5,8,0,0,0,2024-08-30
6,8,0,0,0,2024-08-31
0,9,0,0,-1,2024-09-01
1,9,0,0,1,2024-09-02
2,9,0,0,-1,2024-09-03
3,9,0,0,0,2024-09-04
4,9,0,0,0,2024-09-05
5,9,0,0,1,2024-09-06
6,9,1,-3,-1,2024-09-07
0,9,0,0,0,2024-09-08
1,9,0,0,1,2024-09-09
2,9,0,0,0,2024-09-10
3,9,0,0,0,2024-09-11
4,9,0,0,0,2024-09-12
5,9,0,0,1,2024-09-13
6,9,0,0,0,2024-09-14
0,9,0,0,0,2024-09-15
1,9,1,-1,-1,2024-09-16
2,9,0,0,0,2024-09-17
3,9,0,0,0,2024-09-18
4,9,0,0,0,2024-09-19
5,9,0,0,0,2024-09-20
6,9,0,0,0,2024-09-21
0,9,0,0,-1,2024-09-22
1,9,0,0,1,2024-09-23
2,9,0,0,0,2024-09-24
3,9,0,0,0,2024-09-25
4,9,0,0,0,2024-09-26
5,9,0,0,0,2024-09-27
6,9,0,0,0,2024-09-28
0,9,0,0,-1,2024-09-29
1,9,0,0,1,2024-09-30
2,10,0,0,0,2024-10-01
3,10,1,-1,-1,2024-10-02
4,10,1,0,0,2024-10-03
5,10,0,0,1,2024-10-04
6,10,0,0,1,2024-10-05
0,10,0,0,-1,2024-10-06
1,10,0,0,1,2024-10-07
2,10,0,0,0,2024-10-08
3,10,0,0,1,2024-10-09
4,10,0,0,1,2024-10-10
5,10,0,-1,1,2024-10-11
6,10,1,-3,-1,2024-10-12
0,10,1,0,0,2024-10-13
1,10,0,0,1,2024-10-14
2,10,0,0,0,2024-10-15
3,10,0,0,1,2024-10-16
4,10,0,0,1,2024-10-17
5,10,0,0,0,2024-10-18
6,10,0,0,0,2024-10-19
0,10,0,0,1,2024-10-20
1,10,0,0,1,2024-10-21
2,10,0,0,0,2024-10-22
3,10,0,0,0,2024-10-23
4,10,0,0,0,2024-10-24
5,10,0,0,0,2024-10-25
6,10,0,0,0,2024-10-26
0,10,0,0,1,2024-10-27
1,10,0,0,1,2024-10-28
2,10,0,0,0,2024-10-29
3,10,1,0,1,2024-10-30
4,10,1,-3,-1,2024-10-31
5,11,0,0,-1,2024-11-01
6,11,0,0,0,2024-11-02
0,11,0,0,1,2024-11-03
1,11,0,0,1,2024-11-04
2,11,0,0,0,2024-11-05
3,11,0,0,1,2024-11-06
4,11,0,0,1,2024-11-07
5,11,0,0,1,2024-11-08
6,11,0,0,1,2024-11-09
0,11,0,0,1,2024-11-10
1,11,0,0,1,2024-11-11
2,11,0,0,1,2024-11-12
3,11,0,0,1,2024-11-13
4,11,0,0,1,2024-11-14
5,11,1,-1,-1,2024-11-15
6,11,0,0,1,2024-11-16
0,11,0,0,1,2024-11-17
1,11,0,0,1,2024-11-18
2,11,0,0,0,2024-11-19
3,11,0,0,0,2024-11-20
4,11,0,0,0,2024-11-21
5,11,0,0,1,2024-11-22
6,11,0,0,0,2024-11-23
0,11,0,0,1,2024-11-24
1,11,0,0,1,2024-11-25
2,11,0,0,0,2024-11-26
3,11,0,0,0,2024-11-27
4,11,0,0,0,2024-11-28
5,11,0,0,0,2024-11-29
6,11,0,0,0,2024-11-30
0,12,0,0,-1,2024-12-01
1,12,0,0,1,2024-12-02
2,12,0,0,0,2024-12-03
3,12,0,0,1,2024-12-04
4,12,0,0,1,2024-12-05
5,12,1,0,1,2024-12-06
6,12,0,0,1,2024-12-07
0,12,0,0,1,2024-12-08
1,12,0,0,1,2024-12-09
2,12,0,0,0,2024-12-10
3,12,0,0,1,2024-12-11
4,12,0,0,1,2024-12-12
5,12,0,0,1,2024-12-13
6,12,0,0,1,2024-12-14
0,12,0,0,1,2024-12-15
1,12,0,0,1,2024-12-16
2,12,0,0,0,2024-12-17
3,12,0,0,0,2024-12-18
4,12,0,0,0,2024-12-19
5,12,0,0,0,2024-12-20
6,12,0,0,0,2024-12-21
0,12,0,0,1,2024-12-22
1,12,0,0,1,2024-12-23
2,12,0,0,0,2024-12-24
3,12,1,-1,-1,2024-12-25
4,12,1,0,-1,2024-12-26
5,12,0,0,0,2024-12-27
6,12,0,0,0,2024-12-28
0,12,0,0,-1,2024-12-29
1,12,0,0,-1,2024-12-30
2,12,0,0,0,2024-12-31
3,1,1,-3,-1,2025-01-01
4,1,0,0,0,2025-01-02
5,1,0,0,0,2025-01-03
6,1,0,0,0,2025-01-04
0,1,0,0,-1,2025-01-05
1,1,0,0,1,2025-01-06
2,1,0,0,0,2025-01-07
3,1,0,0,0,2025-01-08
4,1,0,0,1,2025-01-09
5,1,1,2,1,2025-01-10
6,1,0,0,1,2025-01-11
0,1,0,0,1,2025-01-12
1,1,1,-2,0,2025-01-13
2,1,1,-2,-1,2025-01-14
3,1,1,-1,0,2025-01-15
4,1,0,0,0,2025-01-16
5,1,0,0,1,2025-01-17
6,1,0,0,1,2025-01-18
0,1,0,0,1,2025-01-19
1,1,0,0,1,2025-01-20
2,1,0,0,0,2025-01-21
3,1,0,0,0,2025-01-22
4,1,0,0,0,2025-01-23
5,1,0,0,0,2025-01-24
6,1,0,0,0,2025-01-25
0,1,1,-1,-1,2025-01-26
1,1,0,0,1,2025-01-27
2,1,0,0,0,2025-01-28
3,1,0,0,-1,2025-01-29
4,1,0,0,1,2025-01-30
5,1,0,0,1,2025-01-31
6,2,0,0,0,2025-02-01
0,2,0,0,1,2025-02-02
1,2,0,0,1,2025-02-03
2,2,0,0,0,2025-02-04
3,2,0,0,0,2025-02-05
4,2,0,0,0,2025-02-06
5,2,0,0,1,2025-02-07
6,2,0,0,1,2025-02-08
0,2,0,0,-1,2025-02-09
1,2,0,0,1,2025-02-10
2,2,0,0,0,2025-02-11
3,2,0,0,1,2025-02-12
4,2,0,0,0,2025-02-13
5,2,0,0,0,2025-02-14
6,2,0,0,1,2025-02-15
0,2,0,0,1,2025-02-16
1,2,0,0,1,2025-02-17
2,2,0,0,0,2025-02-18
3,2,0,0,0,2025-02-19
4,2,0,0,1,2025-02-20
5,2,0,0,1,2025-02-21
6,2,0,0,1,2025-02-22
0,2,0,0,1,2025-02-23
1,2,0,0,1,2025-02-24
2,2,0,0,1,2025-02-25
3,2,1,-1,0,2025-02-26
4,2,0,0,1,2025-02-27
5,2,0,0,-1,2025-02-28
6,3,0,0,1,2025-03-01
0,3,0,0,1,2025-03-02
1,3,0,0,1,2025-03-03
2,3,0,0,0,2025-03-04
3,3,0,0,0,2025-03-05
4,3,0,0,1,2025-03-06
5,3,0,0,1,2025-03-07
6,3,0,0,0,2025-03-08
0,3,0,0,0,2025-03-09
1,3,0,0,1,2025-03-10
2,3,0,0,0,2025-03-11
3,3,0,0,1,2025-03-12
4,3,1,1,-1,2025-03-13
5,3,0,0,1,2025-03-14
6,3,0,0,1,2025-03-15
0,3,0,0,1,2025-03-16
1,3,0,0,1,2025-03-17
2,3,0,0,0,2025-03-18
3,3,0,0,0,2025-03-19
4,3,0,0,0,2025-03-20
5,3,0,0,0,2025-03-21
6,3,0,0,0,2025-03-22
0,3,0,0,-1,2025-03-23
1,3,0,0,1,2025-03-24
2,3,0,0,0,2025-03-25
3,3,0,0,0,2025-03-26
4,3,0,0,0,2025-03-27
5,3,0,0,0,2025-03-28
6,3,0,0,-1,2025-03-29
0,3,1,-1,-1,2025-03-30
1,3,0,0,0,2025-03-31
2,4,0,0,0,2025-04-01
3,4,0,0,1,2025-04-02
4,4,0,0,1,2025-04-03
5,4,0,0,1,2025-04-04
6,4,1,-1,0,2025-04-05
0,4,1,-2,-1,2025-04-06
1,4,0,0,1,2025-04-07
2,4,0,0,0,2025-04-08
3,4,0,0,1,2025-04-09
4,4,0,0,1,2025-04-10
5,4,0,0,1,2025-04-11
6,4,0,0,1,2025-04-12
0,4,0,0,1,2025-04-13
1,4,1,0,0,2025-04-14
2,4,0,0,0,2025-04-15
3,4,0,0,1,2025-04-16
4,4,0,0,0,2025-04-17
5,4,1,-1,1,2025-04-18
6,4,0,0,0,2025-04-19
0,4,0,0,1,2025-04-20
1,4,0,0,1,2025-04-21
2,4,0,0,0,2025-04-22
3,4,0,0,1,2025-04-23
4,4,0,0,1,2025-04-24
5,4,0,0,0,2025-04-25
6,4,0,0,0,2025-04-26
0,4,0,0,-1,2025-04-27
1,4,0,0,1,2025-04-28
2,4,0,0,0,2025-04-29
3,4,0,0,1,2025-04-30
4,5,1,1,-1,2025-05-01
5,5,0,0,0,2025-05-02
6,5,0,0,0,2025-05-03
0,5,0,0,-1,2025-05-04
1,5,0,0,1,2025-05-05
2,5,0,0,0,2025-05-06
3,5,0,0,1,2025-05-07
4,5,0,0,1,2025-05-08
5,5,0,0,1,2025-05-09
6,5,0,0,1,2025-05-10
0,5,0,0,1,2025-05-11
1,5,0,0,1,2025-05-12
2,5,0,0,0,2025-05-13
3,5,0,0,1,2025-05-14
4,5,0,0,1,2025-05-15
5,5,0,0,1,2025-05-16
6,5,0,0,0,2025-05-17
0,5,0,0,1,2025-05-18
1,5,0,0,1,2025-05-19
2,5,0,0,0,2025-05-20
3,5,0,0,1,2025-05-21
4,5,0,0,1,2025-05-22
5,5,0,0,0,2025-05-23
6,5,0,0,0,2025-05-24
0,5,0,0,-1,2025-05-25
1,5,0,0,1,2025-05-26
2,5,0,0,-1,2025-05-27
3,5,0,0,1,2025-05-28
4,5,0,0,0,2025-05-29
5,5,0,0,0,2025-05-30
6,5,0,0,0,2025-05-31
0,6,0,0,-1,2025-06-01
1,6,0,0,0,2025-06-02
2,6,0,0,0,2025-06-03
3,6,0,0,1,2025-06-04
4,6,0,0,1,2025-06-05
5,6,0,0,1,2025-06-06
6,6,1,-3,0,2025-06-07
0,6,0,0,1,2025-06-08
1,6,0,0,1,2025-06-09
2,6,0,0,0,2025-06-10
3,6,0,0,0,2025-06-11
4,6,0,0,0,2025-06-12
5,6,0,0,1,2025-06-13
6,6,0,0,0,2025-06-14
0,6,0,0,-1,2025-06-15
1,6,0,0,1,2025-06-16
2,6,0,0,0,2025-06-17
3,6,0,0,0,2025-06-18
4,6,0,0,0,2025-06-19
5,6,0,0,0,2025-06-20
6,6,0,0,0,2025-06-21
0,6,0,0,-1,2025-06-22
1,6,0,0,1,2025-06-23
2,6,0,0,0,2025-06-24
3,6,0,0,-1,2025-06-25
4,6,0,0,0,2025-06-26
5,6,0,0,0,2025-06-27
6,6,0,0,0,2025-06-28
0,6,0,0,-1,2025-06-29
1,6,0,0,1,2025-06-30
2,7,0,0,0,2025-07-01
3,7,0,0,0,2025-07-02
4,7,0,0,0,2025-07-03
5,7,0,0,0,2025-07-04
6,7,0,0,0,2025-07-05
0,7,1,0,-1,2025-07-06
1,7,0,0,1,2025-07-07
2,7,0,0,0,2025-07-08
3,7,0,0,0,2025-07-09
4,7,1,0,0,2025-07-10
5,7,0,0,1,2025-07-11
6,7,0,0,0,2025-07-12
0,7,0,0,-1,2025-07-13
1,7,0,0,1,2025-07-14
2,7,0,0,0,2025-07-15
3,7,0,0,0,2025-07-16
4,7,0,0,0,2025-07-17
5,7,0,0,0,2025-07-18
6,7,0,0,0,2025-07-19
0,7,0,0,-1,2025-07-20
1,7,1,-1,1,2025-07-21
2,7,0,0,0,2025-07-22
3,7,0,0,0,2025-07-23
4,7,0,0,0,2025-07-24
5,7,0,0,0,2025-07-25
6,7,0,0,1,2025-07-26
0,7,0,0,1,2025-07-27
1,7,0,0,1,2025-07-28
2,7,0,0,0,2025-07-29
3,7,0,0,1,2025-07-30
4,7,0,0,1,2025-07-31
5,8,0,0,1,2025-08-01
6,8,0,0,0,2025-08-02
0,8,0,0,1,2025-08-03
1,8,0,0,1,2025-08-04
2,8,0,0,0,2025-08-05
3,8,0,0,1,2025-08-06
4,8,0,0,1,2025-08-07
5,8,1,1,1,2025-08-08
6,8,1,1,1,2025-08-09
0,8,0,0,1,2025-08-10
1,8,0,0,1,2025-08-11
2,8,0,0,0,2025-08-12
3,8,0,0,1,2025-08-13
4,8,0,0,1,2025-08-14
5,8,0,0,0,2025-08-15
6,8,1,-2,-1,2025-08-16
0,8,0,0,1,2025-08-17
1,8,0,0,1,2025-08-18
2,8,0,0,0,2025-08-19
3,8,0,0,0,2025-08-20
4,8,0,0,0,2025-08-21
5,8,0,0,0,2025-08-22
6,8,0,0,0,2025-08-23
0,8,0,0,-1,2025-08-24
1,8,0,0,1,2025-08-25
2,8,0,0,0,2025-08-26
3,8,1,-3,-1,2025-08-27
4,8,0,0,0,2025-08-28
5,8,0,0,0,2025-08-29
6,8,0,0,0,2025-08-30
0,8,0,0,-1,2025-08-31
1,9,0,0,1,2025-09-01
2,9,0,0,0,2025-09-02
3,9,0,0,0,2025-09-03
4,9,0,0,0,2025-09-04
5,9,1,-2,0,2025-09-05
6,9,0,0,0,2025-09-06
0,9,0,0,-1,2025-09-07
1,9,0,0,1,2025-09-08
2,9,0,0,0,2025-09-09
3,9,0,0,0,2025-09-10
4,9,0,0,0,2025-09-11
5,9,0,0,1,2025-09-12
6,9,0,0,0,2025-09-13
0,9,0,0,-1,2025-09-14
1,9,0,0,1,2025-09-15
2,9,0,0,0,2025-09-16
3,9,0,0,0,2025-09-17
4,9,0,0,0,2025-09-18
5,9,0,0,0,2025-09-19
6,9,0,0,0,2025-09-20
0,9,1,-2,-1,2025-09-21
1,9,0,0,1,2025-09-22
2,9,0,0,0,2025-09-23
3,9,0,0,1,2025-09-24
4,9,0,0,0,2025-09-25
5,9,0,0,1,2025-09-26
6,9,0,0,1,2025-09-27
0,9,0,0,1,2025-09-28
1,9,0,0,1,2025-09-29
2,9,1,-3,1,2025-09-30
3,10,1,-3,1,2025-10-01
4,10,1,-3,-1,2025-10-02
5,10,1,-3,1,2025-10-03
6,10,0,0,1,2025-10-04
0,10,0,0,1,2025-10-05
1,10,0,0,1,2025-10-06
2,10,0,0,1,2025-10-07
3,10,0,0,1,2025-10-08
4,10,0,0,0,2025-10-09
5,10,0,0,1,2025-10-10
6,10,0,0,1,2025-10-11
0,10,0,0,1,2025-10-12
1,10,0,0,1,2025-10-13
2,10,0,0,0,2025-10-14
3,10,0,0,0,2025-10-15
4,10,0,0,1,2025-10-16
5,10,0,0,1,2025-10-17
6,10,0,0,1,2025-10-18
0,10,0,0,-1,2025-10-19
1,10,1,-3,-1,2025-10-20
2,10,0,0,-1,2025-10-21
3,10,0,0,1,2025-10-22
4,10,0,0,1,2025-10-23
5,10,0,0,1,2025-10-24
6,10,0,0,0,2025-10-25
0,10,0,0,1,2025-10-26
1,10,0,0,1,2025-10-27
2,10,0,0,0,2025-10-28
3,10,0,0,1,2025-10-29
4,10,0,0,1,2025-10-30
5,10,0,0,1,2025-10-31
6,11,0,0,1,2025-11-01
0,11,0,0,1,2025-11-02
1,11,0,0,1,2025-11-03
2,11,0,0,0,2025-11-04
3,11,1,-2,0,2025-11-05
4,11,0,0,0,2025-11-06
5,11,0,0,1,2025-11-07
6,11,0,0,1,2025-11-08
0,11,0,0,-1,2025-11-09
1,11,0,0,1,2025-11-10
2,11,0,0,0,2025-11-11
3,11,0,0,1,2025-11-12
4,11,0,0,1,2025-11-13
5,11,0,0,1,2025-11-14
6,11,0,0,1,2025-11-15
0,11,0,0,-1,2025-11-16
1,11,0,0,1,2025-11-17
2,11,0,0,0,2025-11-18
3,11,0,0,0,2025-11-19
4,11,0,0,0,2025-11-20
5,11,0,0,0,2025-11-21
6,11,0,0,1,2025-11-22
0,11,0,0,1,2025-11-23
1,11,0,0,1,2025-11-24
2,11,0,0,0,2025-11-25
3,11,0,0,1,2025-11-26
4,11,0,0,1,2025-11-27
5,11,0,0,0,2025-11-28
6,11,0,0,0,2025-11-29
0,11,0,0,-1,2025-11-30
1,12,0,0,1,2025-12-01
2,12,0,0,0,2025-12-02
3,12,0,0,0,2025-12-03
4,12,0,0,0,2025-12-04
5,12,0,0,0,2025-12-05
6,12,0,0,0,2025-12-06
0,12,0,0,-1,2025-12-07
1,12,0,0,1,2025-12-08
2,12,0,0,0,2025-12-09
3,12,0,0,0,2025-12-10
4,12,0,0,0,2025-12-11
5,12,0,0,1,2025-12-12
6,12,0,0,0,2025-12-13
0,12,0,0,-1,2025-12-14
1,12,0,0,1,2025-12-15
2,12,0,0,0,2025-12-16
3,12,0,0,0,2025-12-17
4,12,0,0,0,2025-12-18
5,12,0,0,-1,2025-12-19
6,12,0,0,0,2025-12-20
0,12,0,0,-1,2025-12-21
1,12,0,0,1,2025-12-22
2,12,0,0,0,2025-12-23
3,12,0,0,0,2025-12-24
4,12,1,-3,-1,2025-12-25
5,12,0,0,0,2025-12-26
6,12,0,0,0,2025-12-27
0,12,0,0,0,2025-12-28
1,12,0,0,1,2025-12-29
2,12,0,0,0,2025-12-30
3,12,0,0,0,2025-12-31
4,1,1,-3,-1,2026-01-01
5,1,0,0,0,2026-01-02
6,1,0,0,0,2026-01-03
0,1,0,0,-1,2026-01-04
1,1,0,0,1,2026-01-05
2,1,0,0,0,2026-01-06
3,1,0,0,0,2026-01-07
4,1,0,0,0,2026-01-08
5,1,0,0,1,2026-01-09
6,1,0,0,1,2026-01-10
0,1,0,0,1,2026-01-11
1,1,0,0,1,2026-01-12
2,1,0,0,1,2026-01-13
3,1,1,-2,0,2026-01-14
4,1,1,-2,-1,2026-01-15
5,1,1,-1,0,2026-01-16
6,1,0,0,1,2026-01-17
0,1,0,0,1,2026-01-18
1,1,0,0,1,2026-01-19
2,1,0,0,1,2026-01-20
3,1,0,0,1,2026-01-21
4,1,0,0,0,2026-01-22
5,1,0,0,0,2026-01-23
6,1,0,0,0,2026-01-24
0,1,1,3,-1,2026-01-25
1,1,1,-1,0,2026-01-26
2,1,0,0,0,2026-01-27
3,1,0,0,0,2026-01-28
4,1,0,0,0,2026-01-29
5,1,0,0,0,2026-01-30
6,1,0,0,0,2026-01-31
0,2,1,3,-1,2026-02-01
1,2,0,0,1,2026-02-02
2,2,0,0,0,2026-02-03
3,2,0,0,0,2026-02-04
4,2,0,0,0,2026-02-05
5,2,0,0,0,2026-02-06
6,2,0,0,0,2026-02-07
0,2,0,0,-1,2026-02-08
1,2,0,0,1,2026-02-09
2,2,0,0,0,2026-02-10
3,2,0,0,0,2026-02-11
4,2,0,0,0,2026-02-12
5,2,0,0,1,2026-02-13
6,2,0,0,1,2026-02-14
0,2,1,-1,-1,2026-02-15
1,2,0,0,1,2026-02-16
2,2,0,0,-1,2026-02-17
3,2,0,0,0,2026-02-18
4,2,0,0,1,2026-02-19
5,2,0,0,1,2026-02-20
6,2,0,0,1,2026-02-21
0,2,0,0,1,2026-02-22
1,2,0,0,1,2026-02-23
2,2,0,0,0,2026-02-24
3,2,0,0,1,2026-02-25
4,2,0,0,1,2026-02-26
5,2,0,0,0,2026-02-27
6,2,0,0,0,2026-02-28
0,3,0,0,0,2026-03-01
1,3,0,0,1,2026-03-02
2,3,1,1,-1,2026-03-03
3,3,0,0,1,2026-03-04
4,3,0,0,1,2026-03-05
5,3,0,0,1,2026-03-06
6,3,0,0,1,2026-03-07
0,3,0,0,1,2026-03-08
1,3,0,0,1,2026-03-09
2,3,0,0,0,2026-03-10
3,3,0,0,1,2026-03-11
4,3,0,0,1,2026-03-12
5,3,0,0,1,2026-03-13
6,3,0,0,1,2026-03-14
0,3,0,0,-1,2026-03-15
1,3,0,0,1,2026-03-16
2,3,0,0,1,2026-03-17
3,3,0,0,1,2026-03-18
4,3,1,-1,-1,2026-03-19
5,3,0,0,1,2026-03-20
6,3,1,-1,1,2026-03-21
0,3,0,0,-1,2026-03-22
1,3,0,0,1,2026-03-23
2,3,0,0,0,2026-03-24
3,3,0,0,1,2026-03-25
4,3,0,0,0,2026-03-26
5,3,1,-3,0,2026-03-27
6,3,0,0,0,2026-03-28
0,3,0,0,1,2026-03-29
1,3,0,0,1,2026-03-30
2,3,0,0,0,2026-03-31
