depot,date,service_number,actual_kms,actual_trips,seat_kms,passenger_kms,occupancy_ratio,revenue
ARMOOR,2026-04-23,9008,1,0.0,53.36,0.0,0.0,13782
ARMOOR,2026-04-23,9009,300,0.0,16008.0,26416.4016,1.6502000000000001,28072
ARMOOR,2026-04-23,9010,1,0.0,53.36,0.0,0.0,27196
ARMOOR,2026-04-23,9012,200,0.0,10672.0,17407.0992,1.6311,18498
ARMOOR,2026-04-23,9017,1,0.0,53.36,0.0,0.0,24485
ARMOOR,2026-04-23,9018,300,0.0,16008.0,15596.594400000002,0.9743000000000002,16575
ARMOOR,2026-04-23,9023,1,0.0,52.77,0.0,0.0,10742
ARMOOR,2026-04-23,9024,1,0.0,53.36,0.0,0.0,22978
ARMOOR,2026-04-23,9025,2,0.0,105.54,0.0,0.0,24220
ARMOOR,2026-04-23,9026,1,0.0,53.36,0.0,0.0,30421
ARMOOR,2026-04-23,9027,1,0.0,52.77,0.0,0.0,24910
ARMOOR,2026-04-23,9028,1,0.0,52.77,0.0,0.0,16454
ARMOOR,2026-04-23,9030,1,0.0,53.36,0.0,0.0,25223
ARMOOR,2026-04-23,PKJB,350,0.0,18469.5,3533.21535,0.1913,4568
ARMOOR,2026-04-23,UD01,1294,2.0,46584.0,28327.7304,0.6081,47640
ARMOOR,2026-04-23,UD02,1260,2.0,45360.0,29198.232000000004,0.6437,49104
ARMOOR,2026-04-23,VM01,1308,2.0,47088.0,31638.4272,0.6718999999999999,53205
BANSWADA,2026-04-23,9001,240,0.0,12806.4,12569.481600000001,0.9815000000000002,13358
BANSWADA,2026-04-23,9002,208,0.0,10976.16,9717.194448,0.8853,12566
BANSWADA,2026-04-23,9003,120,0.0,6332.400000000001,11328.663600000002,1.7890000000000001,14650
BANSWADA,2026-04-23,9004,240,0.0,12806.4,13582.46784,1.0606,14434
BANSWADA,2026-04-23,9501,240,0.0,12806.4,6116.3366399999995,0.47759999999999997,6500
BANSWADA,2026-04-23,9502,104,0.0,3744.0,3686.7168,0.9847,6200
BANSWADA,2026-04-23,9503,312,0.0,16648.32,11950.71904,0.7178333333333333,12700
BANSWADA,2026-04-23,9505,320,0.0,17075.2,11761.82464,0.688825,12500
BANSWADA,2026-04-23,9506,416,0.0,22197.76,11951.273984,0.5384,12700
BANSWADA,2026-04-23,9507,200,0.0,10672.0,6022.2096,0.5643,6400
BANSWADA,2026-04-23,9508,240,0.0,12806.4,6116.3366399999995,0.47759999999999997,6500
BANSWADA,2026-04-23,9510,200,0.0,10672.0,6022.2096,0.5643,6400
BANSWADA,2026-04-23,9512,480,0.0,25612.8,12139.186559999998,0.4739499999999999,12900
BANSWADA,2026-04-23,9514,120,0.0,6403.2,6022.2096,0.9405,6400
BANSWADA,2026-04-23,9515,240,0.0,12806.4,6116.3366399999995,0.47759999999999997,6500
BANSWADA,2026-04-23,9516,230,0.0,12272.8,5927.7624,0.483,6300
BANSWADA,2026-04-23,9518,240,0.0,12806.4,6022.84992,0.4703,6400
BANSWADA,2026-04-23,9519,280,0.0,14940.8,6116.7635199999995,0.4094,6500
BANSWADA,2026-04-23,9520,240,0.0,8640.0,3746.304,0.4336,6300
BANSWADA,2026-04-23,9521,240,0.0,12806.4,6116.3366399999995,0.47759999999999997,6500
BANSWADA,2026-04-23,9522,220,0.0,11739.2,6116.123200000001,0.521,6500
BANSWADA,2026-04-23,9524,180,0.0,9604.8,5645.70144,0.5878,6000
BANSWADA,2026-04-23,9525,240,0.0,12806.4,6116.3366399999995,0.47759999999999997,6500
BANSWADA,2026-04-23,9526,250,0.0,13340.0,6023.01,0.4515,6400
BANSWADA,2026-04-23,9527,240,0.0,12806.4,6022.84992,0.4703,6400
BANSWADA,2026-04-23,9528,230,0.0,12272.8,6022.26296,0.4907,6400
BANSWADA,2026-04-23,9529,240,0.0,12806.4,6116.3366399999995,0.47759999999999997,6500
BANSWADA,2026-04-23,9530,208,0.0,11098.88,6116.5927679999995,0.5511,6500
BANSWADA,2026-04-23,9531,280,0.0,14940.8,6022.63648,0.4031,6400
BANSWADA,2026-04-23,9532,240,0.0,12806.4,5834.59584,0.4556,6200
BANSWADA,2026-04-23,9533,240,0.0,12806.4,6116.3366399999995,0.47759999999999997,6500
BANSWADA,2026-04-23,9534,240,0.0,12806.4,5834.59584,0.4556,6200
BANSWADA,2026-04-23,9535,240,0.0,12806.4,6022.84992,0.4703,6400
BHUPALAPALLAY,2026-04-23,HKL3,518,6.0,27091.399999999998,9779.995399999998,0.36099999999999993,12648
BHUPALAPALLAY,2026-04-23,PBM1,436,4.0,23997.44,20868.173823999998,0.8695999999999999,22176
BHUPALAPALLAY,2026-04-23,PBM3,436,4.0,23997.44,22855.161855999995,0.9523999999999998,24288
BHUPALAPALLAY,2026-04-23,PGD1,350,4.0,19264.0,11822.3168,0.6137,12564
BHUPALAPALLAY,2026-04-23,PGD2,350,4.0,19264.0,13821.92,0.7175,14688
BHUPALAPALLAY,2026-04-23,PGD3,350,4.0,19264.0,17299.072,0.898,18384
BHUPALAPALLAY,2026-04-23,PGD4,350,4.0,19264.0,13821.92,0.7175,14688
BHUPALAPALLAY,2026-04-23,PHD4,414,1.96,20940.12,17552.008584,0.8382000000000001,22698
BHUPALAPALLAY,2026-04-23,PHD7,414,1.96,20940.12,19059.697224,0.9102,24648
BHUPALAPALLAY,2026-04-23,PHE1,414,6.0,20940.12,16831.668456,0.8038,21768
BHUPALAPALLAY,2026-04-23,PHE4,414,6.0,20940.12,19819.82358,0.9465,25632
BHUPALAPALLAY,2026-04-23,PHE5,414,6.0,20940.12,15644.363651999998,0.7471,20232
BHUPALAPALLAY,2026-04-23,PHE7,414,6.0,20940.12,17152.052291999997,0.8190999999999998,22182
BHUPALAPALLAY,2026-04-23,PHK1,518,6.0,26200.44,20525.424696,0.7834,26544
BHUPALAPALLAY,2026-04-23,PHK3,518,6.0,26200.44,13194.541584,0.5036,17064
BHUPALAPALLAY,2026-04-23,PHK9,518,6.0,26200.44,14085.356543999998,0.5376,18216
BHUPALAPALLAY,2026-04-23,PHP2,414,6.0,22786.56,14298.5664,0.6275,15196
BHUPALAPALLAY,2026-04-23,PHP3,414,6.0,22786.56,16374.422016,0.7186,17400
BHUPALAPALLAY,2026-04-23,PKH1,526,3.0,26605.079999999998,16207.814735999998,0.6092,20960
BHUPALAPALLAY,2026-04-23,PKH3,526,3.0,26605.079999999998,12956.67396,0.48700000000000004,16755
BHUPALAPALLAY,2026-04-23,PSR1,458,4.0,23165.64,22134.76902,0.9555,28626
BODHAN,2026-04-23,9001,256,0.0,13509.12,23771.998464,1.7596999999999998,30742
BODHAN,2026-04-23,9004,315,0.0,16622.55,6447.887144999999,0.38789999999999997,8338
BODHAN,2026-04-23,9006,500,0.0,26385.0,26601.357,1.0082,34402
BODHAN,2026-04-23,9008,2,0.0,106.72,0.0,0.0,4760
BODHAN,2026-04-23,BHNS,350,11.29,19390.0,8519.965999999999,0.4393999999999999,9054
BODHAN,2026-04-23,BRK1,126,4.52,6723.36,8564.888304,1.2739,9102
BODHAN,2026-04-23,BW10,350,10.0,19390.0,13262.76,0.684,14094
BODHAN,2026-04-23,BWD1,350,10.0,19390.0,9169.530999999999,0.47289999999999993,9744
BODHAN,2026-04-23,BWD3,280,8.0,15512.0,12221.9048,0.7879,12988
BODHAN,2026-04-23,BWD4,350,10.0,19390.0,14893.459,0.7681,15828
BODHAN,2026-04-23,BWD5,350,10.0,19390.0,8221.36,0.42400000000000004,8736
BODHAN,2026-04-23,BWD6,133,3.8,7368.2,5939.50602,0.8061,6312
BODHAN,2026-04-23,BWD7,350,10.0,19390.0,9169.530999999999,0.47289999999999993,9744
BODHAN,2026-04-23,BWD8,350,10.0,19390.0,7905.303,0.4077,8400
BODHAN,2026-04-23,GDK1,504,2.0,25981.199999999997,21907.347839999995,0.8432,28330
BODHAN,2026-04-23,GNT5,1084,2.01,39024.0,22641.724800000004,0.5802,38075
BODHAN,2026-04-23,GNT6,1250,2.01,45000.0,20223.0,0.4494,34012
BODHAN,2026-04-23,GNT7,1250,2.01,60000.0,22128.0,0.3688,38776
BODHAN,2026-04-23,GNT9,1342,2.01,48312.0,23875.7904,0.49420000000000003,40151
BODHAN,2026-04-23,HE02,398,2.0,20516.899999999998,17991.26961,0.8769,23265
BODHAN,2026-04-23,HE08,398,2.0,20516.899999999998,14661.376739999996,0.7145999999999999,18960
BODHAN,2026-04-23,KKU1,326,10.52,18060.399999999998,11013.231919999998,0.6098,11704
BODHAN,2026-04-23,KKU3,189,6.47,10085.039999999999,5606.273736,0.5559000000000001,5958
BODHAN,2026-04-23,MDPL,256,8.53,13660.16,6007.738367999999,0.43979999999999997,6384
BODHAN,2026-04-23,MJB9,189,0.94,9973.53,7318.576314000001,0.7338,9465
BODHAN,2026-04-23,NED5,315,3.32,17451.0,6572.0466,0.3766,6984
BODHAN,2026-04-23,NED6,315,3.32,17451.0,6955.9686,0.3986,7392
BODHAN,2026-04-23,NED7,315,3.32,17451.0,10118.0898,0.5798,10752
BODHAN,2026-04-23,NLR1,1342,2.01,64416.0,30217.545599999998,0.46909999999999996,52953
BODHAN,2026-04-23,NZ11,240,11.16,13296.0,11029.032000000001,0.8295000000000001,11720
BODHAN,2026-04-23,NZ19,0,0.0,0.0,0.0,,33478
BODHAN,2026-04-23,NZ25,80,3.08,4268.8,3278.4384,0.768,3484
BODHAN,2026-04-23,NZ28,160,5.41,8537.6,8294.278400000001,0.9715,8814
BODHAN,2026-04-23,NZ29,252,10.8,13960.8,11316.624479999999,0.8106,12026
BODHAN,2026-04-23,NZ35,126,5.25,6723.36,8310.745296,1.2361,8832
BODHAN,2026-04-23,NZB1,314,10.0,17395.6,13142.375799999998,0.7555,13966
BODHAN,2026-04-23,NZB6,189,1.54,9973.53,14238.211428,1.4276,18413
BODHAN,2026-04-23,NZE2,189,5.91,9973.53,14520.462327000001,1.4559,18778
BODHAN,2026-04-23,NZE4,189,5.91,9973.53,11638.112157000001,1.1669,15050
BODHAN,2026-04-23,NZE5,259,7.99,13667.43,9047.838660000001,0.662,11700
BODHAN,2026-04-23,ONG1,1351,2.03,48636.0,16618.9212,0.3417,27952
BODHAN,2026-04-23,PMR1,1240,2.01,44640.0,15516.863999999998,0.34759999999999996,26093
BODHAN,2026-04-23,PMR2,1240,2.01,44640.0,24114.528000000002,0.5402,40553
BODHAN,2026-04-23,PT05,240,11.16,13296.0,8547.9984,0.6429,9084
BODHAN,2026-04-23,PT06,240,3.53,13296.0,6956.4672,0.5232,7392
BODHAN,2026-04-23,PT10,374,10.0,20719.6,12015.29604,0.5799,12768
BODHAN,2026-04-23,PT11,315,3.32,17451.0,7830.2636999999995,0.4487,8322
BODHAN,2026-04-23,TPSL,1554,0.0,55944.0,23166.410399999997,0.41409999999999997,38958
BODHAN,2026-04-23,VMR1,1362,0.0,49032.0,28227.7224,0.5757,47469
BODHAN,2026-04-23,WGL6,524,2.0,27012.199999999997,20197.021939999995,0.7476999999999999,26120
BODHAN,2026-04-23,WGL7,363,1.39,18712.649999999998,23098.895159999996,1.2344,29872
BODHAN,2026-04-23,WGL8,524,2.0,27012.199999999997,25426.583859999995,0.9412999999999999,32880
CONTONMENT,2026-04-23,11,160,0.0,6848.0,12291.4752,1.7949000000000002,17984
CONTONMENT,2026-04-23,1061,122,0.0,5221.599999999999,7891.404079999998,1.5112999999999999,11546
CONTONMENT,2026-04-23,1232,358,0.0,21462.0,18521.706,0.8629999999999999,24249
CONTONMENT,2026-04-23,1502,234,0.0,14010.0,6317.109,0.4509,8271
CONTONMENT,2026-04-23,1922,160,0.0,6848.0,6267.2896,0.9152,9170
CONTONMENT,2026-04-23,2001,158,0.0,5544.0,11856.952800000001,2.1387,18615
CONTONMENT,2026-04-23,2002,158,0.0,5544.0,12558.823199999999,2.2653,19717
CONTONMENT,2026-04-23,2012,329,0.0,11529.0,20328.593249999998,1.7632572859744988,31916
CONTONMENT,2026-04-23,2022,249,0.0,8711.5,12922.6391,1.4834,20289
CONTONMENT,2026-04-23,2032,243,0.0,8515.5,17664.5532,2.0744,27734
CONTONMENT,2026-04-23,2042,249,0.0,8718.5,17637.5255,2.023,27691
CONTONMENT,2026-04-23,2051,121,0.0,4221.0,6368.6448,1.5088,9999
CONTONMENT,2026-04-23,2052,121,0.0,4221.0,7593.579000000001,1.7990000000000002,11922
CONTONMENT,2026-04-23,2061,121,0.0,4221.0,5970.6044999999995,1.4144999999999999,9374
CONTONMENT,2026-04-23,2062,81,0.0,2821.0,4791.1864000000005,1.6984000000000001,7522
CONTONMENT,2026-04-23,2071,121,0.0,4221.0,5694.129,1.349,8940
CONTONMENT,2026-04-23,2081,123,0.0,4298.0,55.4442,0.0129,96
CONTONMENT,2026-04-23,2091,113,0.0,3951.5,0.0,0.0,0
CONTONMENT,2026-04-23,2111,139,0.0,4861.5,0.0,0.0,0
CONTONMENT,2026-04-23,2131,109,0.0,3808.0,919.632,0.2415,1591
CONTONMENT,2026-04-23,2141,250,0.0,8743.0,0.0,0.0,0
CONTONMENT,2026-04-23,2161,121,0.0,4221.0,4893.8274,1.1594,7683
CONTONMENT,2026-04-23,2162,121,0.0,4221.0,10401.810300000001,2.4643,16331
CONTONMENT,2026-04-23,2171,121,0.0,4221.0,7239.437099999999,1.7150999999999998,11366
CONTONMENT,2026-04-23,2172,241,0.0,8442.0,10830.663900000001,1.2829500000000003,17004
CONTONMENT,2026-04-23,2181,121,0.0,4221.0,6854.904,1.624,10762
CONTONMENT,2026-04-23,2182,121,0.0,4221.0,3906.9575999999997,0.9256,6134
CONTONMENT,2026-04-23,2191,121,0.0,4221.0,9883.4715,2.3415,15517
CONTONMENT,2026-04-23,2201,121,0.0,4221.0,4124.3391,0.9771000000000001,6475
CONTONMENT,2026-04-23,2211,121,0.0,4221.0,5534.9973,1.3113,8690
CONTONMENT,2026-04-23,2212,121,0.0,4221.0,8712.144,2.064,13678
CONTONMENT,2026-04-23,2221,121,0.0,4221.0,5881.5414,1.3934,9234
CONTONMENT,2026-04-23,2232,121,0.0,4221.0,4949.5446,1.1726,7771
CONTONMENT,2026-04-23,2241,121,0.0,4221.0,8761.107600000001,2.0756,13755
CONTONMENT,2026-04-23,2252,121,0.0,4221.0,5574.6747,1.3207,8752
CONTONMENT,2026-04-23,2261,121,0.0,4221.0,4895.093699999999,1.1597,7685
CONTONMENT,2026-04-23,2281,127,0.0,4438.0,178.40759999999997,0.04019999999999999,309
CONTONMENT,2026-04-23,2291,107,0.0,3738.0,0.0,0.0,0
CONTONMENT,2026-04-23,2301,104,0.0,3633.0,203.44799999999998,0.055999999999999994,352
CONTONMENT,2026-04-23,2311,76,0.0,2656.5,3930.5574,1.4796,6800
CONTONMENT,2026-04-23,2441,130,0.0,7751.376,8284.6706688,1.0688,10846
CONTONMENT,2026-04-23,2442,130,0.0,7751.376,10145.7760464,1.3089,13283
CONTONMENT,2026-04-23,2451,130,0.0,7751.376,9332.656703999999,1.204,12218
CONTONMENT,2026-04-23,2452,130,0.0,7751.376,9569.8488096,1.2346,12529
CONTONMENT,2026-04-23,2461,130,0.0,7751.376,9156.7004688,1.1813,11988
CONTONMENT,2026-04-23,2462,130,0.0,7751.376,2116.125648,0.273,2770
CONTONMENT,2026-04-23,2481,130,0.0,4536.0,9297.8928,2.0498,14598
CONTONMENT,2026-04-23,2482,130,0.0,4536.0,6198.8976,1.3666,9732
CONTONMENT,2026-04-23,2491,130,0.0,4536.0,5362.459199999999,1.1822,8419
CONTONMENT,2026-04-23,2492,130,0.0,4536.0,6745.031999999999,1.4869999999999999,10590
CONTONMENT,2026-04-23,2501,130,0.0,4536.0,4938.7968,1.0888,7754
CONTONMENT,2026-04-23,2502,130,0.0,4536.0,6456.5424,1.4234,10137
CONTONMENT,2026-04-23,2511,158,0.0,5544.0,8851.5504,1.5966,13897
CONTONMENT,2026-04-23,2512,158,0.0,5544.0,11366.8632,2.0503,17846
CONTONMENT,2026-04-23,2521,158,0.0,5544.0,10113.3648,1.8241999999999998,15878
CONTONMENT,2026-04-23,2522,158,0.0,5544.0,9755.7768,1.7597,15317
CONTONMENT,2026-04-23,2531,158,0.0,5544.0,10535.817599999998,1.9003999999999996,16541
CONTONMENT,2026-04-23,2532,158,0.0,5544.0,9622.720800000001,1.7357000000000002,15108
CONTONMENT,2026-04-23,2541,158,0.0,5544.0,10687.7232,1.9278,16780
CONTONMENT,2026-04-23,2551,158,0.0,5544.0,10345.104,1.8659999999999999,16242
CONTONMENT,2026-04-23,2552,158,0.0,5544.0,5829.5160000000005,1.0515,9152
CONTONMENT,2026-04-23,2631,315,0.0,10710.0,5728.779,0.5349,9395
CONTONMENT,2026-04-23,2651,578,0.0,20223.0,7580.59155,0.37485,13115
CONTONMENT,2026-04-23,2761,117,0.0,4102.0,9672.516,2.358,15186
CONTONMENT,2026-04-23,2771,87,0.0,3052.0,0.0,0.0,29534
CONTONMENT,2026-04-23,2772,117,0.0,4102.0,9373.8904,2.2852,14717
CONTONMENT,2026-04-23,2781,117,0.0,4102.0,7997.2592,1.9496,12556
CONTONMENT,2026-04-23,2782,59,0.0,2072.0,4397.4056,2.1223,6904
CONTONMENT,2026-04-23,2791,117,0.0,4102.0,6732.6125999999995,1.6413,10570
CONTONMENT,2026-04-23,2792,58,0.0,2037.0,3658.6557000000003,1.7961,5744
CONTONMENT,2026-04-23,2801,117,0.0,4102.0,8618.302,2.101,13531
CONTONMENT,2026-04-23,2802,234,0.0,8204.0,16766.104600000002,2.0436500000000004,26323
CONTONMENT,2026-04-23,2811,117,0.0,4102.0,6845.417600000001,1.6688,10747
CONTONMENT,2026-04-23,2812,117,0.0,4102.0,9154.8436,2.2318000000000002,14373
CONTONMENT,2026-04-23,2821,117,0.0,4102.0,9191.7616,2.2408,14431
CONTONMENT,2026-04-23,2822,117,0.0,4102.0,9344.766200000002,2.2781000000000002,14671
CONTONMENT,2026-04-23,5011,170,0.0,5793.6,3331.89936,0.5751,8830
CONTONMENT,2026-04-23,5012,170,0.0,5783.4,5535.29214,0.9571,14669
CONTONMENT,2026-04-23,5021,170,0.0,5793.6,2060.2041600000002,0.3556,5459
CONTONMENT,2026-04-23,5022,170,0.0,5783.4,3075.03378,0.5317000000000001,8149
CONTONMENT,2026-04-23,5031,170,0.0,5793.6,2041.6646400000004,0.35240000000000005,5411
CONTONMENT,2026-04-23,5032,170,0.0,5783.4,3725.66628,0.6442,9873
CONTONMENT,2026-04-23,5041,170,0.0,5793.6,2453.5896000000002,0.42350000000000004,6502
CONTONMENT,2026-04-23,5042,170,0.0,5783.4,2186.1251999999995,0.37799999999999995,5793
CONTONMENT,2026-04-23,5051,170,0.0,5793.6,1360.9166400000001,0.2349,3606
CONTONMENT,2026-04-23,5052,170,0.0,5783.4,2328.3968399999994,0.4025999999999999,6170
CONTONMENT,2026-04-23,5061,170,0.0,5793.6,1702.1596800000002,0.2938,4510
CONTONMENT,2026-04-23,5062,170,0.0,5783.4,3403.5308999999997,0.5885,9019
CONTONMENT,2026-04-23,5071,170,0.0,5793.6,3395.62896,0.5861,8999
CONTONMENT,2026-04-23,5072,170,0.0,5783.4,4139.179379999999,0.7156999999999998,10969
CONTONMENT,2026-04-23,5081,170,0.0,5793.6,3814.50624,0.6584,10109
CONTONMENT,2026-04-23,5082,170,0.0,5783.4,3689.8091999999997,0.638,9778
CONTONMENT,2026-04-23,5091,170,0.0,5793.6,3601.30176,0.6215999999999999,9544
CONTONMENT,2026-04-23,5092,170,0.0,5783.4,2937.9672,0.508,7785
CONTONMENT,2026-04-23,5101,170,0.0,5793.6,2257.18656,0.3896,5982
CONTONMENT,2026-04-23,5102,170,0.0,5783.4,3600.1665000000003,0.6225,9541
CONTONMENT,2026-04-23,5111,157,0.0,5331.200000000001,3008.9292800000003,0.5644,7974
CONTONMENT,2026-04-23,5112,77,0.0,2631.6000000000004,859.74372,0.3267,2278
CONTONMENT,2026-04-23,5121,157,0.0,5331.200000000001,1361.5884800000003,0.2554,3608
CONTONMENT,2026-04-23,5122,154,0.0,5249.6,3562.9035200000008,0.6787000000000001,9441
CONTONMENT,2026-04-23,5131,157,0.0,5331.200000000001,1235.2390400000002,0.2317,3273
CONTONMENT,2026-04-23,5132,154,0.0,5249.6,3187.03216,0.6071,8445
CONTONMENT,2026-04-23,5142,154,0.0,5249.6,2809.5859200000004,0.5352,7446
CONTONMENT,2026-04-23,5151,157,0.0,5331.200000000001,1806.2105600000004,0.33880000000000005,4786
CONTONMENT,2026-04-23,5152,154,0.0,5249.6,1270.9281600000002,0.2421,3368
CONTONMENT,2026-04-23,5161,157,0.0,5331.200000000001,1683.0598400000001,0.3157,4460
CONTONMENT,2026-04-23,5162,154,0.0,5249.6,3721.9664000000007,0.7090000000000001,9863
CONTONMENT,2026-04-23,5181,167,0.0,5681.4,3024.2092199999997,0.5323,8014
CONTONMENT,2026-04-23,5211,167,0.0,5681.4,966.9742799999999,0.1702,2562
CONTONMENT,2026-04-23,5212,167,0.0,5671.200000000001,2580.3960000000006,0.45500000000000007,6838
CONTONMENT,2026-04-23,5221,167,0.0,5681.4,1396.4881199999998,0.24579999999999996,3701
CONTONMENT,2026-04-23,5222,167,0.0,5671.200000000001,2288.8963200000003,0.4036,6066
CONTONMENT,2026-04-23,5231,167,0.0,5681.4,3494.0609999999997,0.615,9259
CONTONMENT,2026-04-23,5232,167,0.0,5671.200000000001,2642.7792000000004,0.466,7004
CONTONMENT,2026-04-23,5241,167,0.0,5681.4,1719.7597799999996,0.30269999999999997,4558
CONTONMENT,2026-04-23,5242,167,0.0,5671.200000000001,2829.9288,0.49899999999999994,7500
CONTONMENT,2026-04-23,5251,167,0.0,5681.4,2471.4089999999997,0.43499999999999994,6549
CONTONMENT,2026-04-23,5252,334,0.0,11342.400000000001,4905.020880000001,0.43245,12998
CONTONMENT,2026-04-23,5261,167,0.0,5681.4,1306.722,0.23,3463
CONTONMENT,2026-04-23,5262,167,0.0,5671.200000000001,4224.47688,0.7448999999999999,11195
CONTONMENT,2026-04-23,5271,167,0.0,5681.4,1790.7772799999998,0.3152,4745
CONTONMENT,2026-04-23,5272,334,0.0,11342.400000000001,6231.5145600000005,0.5494,16514
CONTONMENT,2026-04-23,5281,170,0.0,5793.6,2238.6470400000003,0.3864,5932
CONTONMENT,2026-04-23,5282,170,0.0,5783.4,1863.4114799999998,0.3222,4938
CONTONMENT,2026-04-23,5291,170,0.0,5793.6,3023.6798400000002,0.5219,8013
CONTONMENT,2026-04-23,5292,170,0.0,5783.4,2813.04576,0.4864,7454
CONTONMENT,2026-04-23,5301,170,0.0,5793.6,2687.65104,0.4639,7123
CONTONMENT,2026-04-23,5302,170,0.0,5783.4,2919.4603199999992,0.5047999999999999,7737
CONTONMENT,2026-04-23,5311,170,0.0,5793.6,4586.79312,0.7917,12155
CONTONMENT,2026-04-23,5312,170,0.0,5783.4,7472.73114,1.2921,19802
CONTONMENT,2026-04-23,5321,170,0.0,5793.6,2078.74368,0.3588,5508
CONTONMENT,2026-04-23,5322,170,0.0,5783.4,2077.9756199999997,0.35929999999999995,5506
HAKIMPET,2026-04-23,9001,128,0.0,7655.68,5635.346048,0.7361,7378
HAKIMPET,2026-04-23,9002,128,0.0,5478.4,3221.2991999999995,0.588,4713
HAKIMPET,2026-04-23,9003,128,0.0,5478.4,2990.1107199999997,0.5458,4375
HAKIMPET,2026-04-23,9004,128,0.0,7655.68,3650.993792,0.4769,4780
HAKIMPET,2026-04-23,9005,192,0.0,11483.52,8984.706048,0.7824,11763
HAKIMPET,2026-04-23,9006,128,0.0,5478.4,7033.169919999999,1.2838,10290
HAKIMPET,2026-04-23,9007,128,0.0,5478.4,5600.020479999999,1.0222,8193
HAKIMPET,2026-04-23,9008,128,0.0,5478.4,5493.739519999999,1.0028,8038
HAKIMPET,2026-04-23,9009,128,0.0,7655.68,6516.514816000001,0.8512000000000001,8531
HAKIMPET,2026-04-23,9013,128,0.0,5478.4,5333.2224,0.9735,7803
HAKIMPET,2026-04-23,9014,128,0.0,5478.4,5730.4064,1.046,8384
HAKIMPET,2026-04-23,9015,288,0.0,12326.4,12000.98304,0.9735999999999999,17558
HAKIMPET,2026-04-23,9016,288,0.0,17225.28,13645.866816,0.7922,17865
HAKIMPET,2026-04-23,9017,288,0.0,17225.28,13780.224,0.8,18041
HAKIMPET,2026-04-23,9018,256,0.0,10956.8,10643.435519999999,0.9713999999999999,15572
HAKIMPET,2026-04-23,9019,256,0.0,10956.8,11164.9792,1.0190000000000001,16336
HAKIMPET,2026-04-23,9021,256,0.0,15311.36,7727.643392000001,0.5047,10118
HAKIMPET,2026-04-23,9025,256,0.0,15311.36,13662.326528000001,0.8923000000000001,17886
HANAMKONDA,2026-04-23,9014,1,0.0,53.13,0.0,0.0,552
HANAMKONDA,2026-04-23,1IJ1,300,8.0,16512.0,14745.216,0.893,15670
HANAMKONDA,2026-04-23,1JG1,316,2.0,17392.64,11446.096384,0.6581,12164
HANAMKONDA,2026-04-23,22S1,220,10.15,13420.0,11178.859999999999,0.833,14636
HANAMKONDA,2026-04-23,2KM1,342,1.92,18823.68,14712.588287999999,0.7816,15636
HANAMKONDA,2026-04-23,30S1,152,5.28,9272.0,13247.833599999998,1.4287999999999998,17344
HANAMKONDA,2026-04-23,3VW1,424,3.75,21445.92,18497.106,0.8625,23920
HANAMKONDA,2026-04-23,4JG1,220,1.39,12108.8,15722.06592,1.2984,16708
HANAMKONDA,2026-04-23,5AN1,360,8.0,19814.4,17254.379520000002,0.8708,18336
HANAMKONDA,2026-04-23,5JG1,316,2.0,17392.64,14835.921919999999,0.853,15766
HANAMKONDA,2026-04-23,7KM1,250,2.02,12645.0,10825.3845,0.8561,14000
HANAMKONDA,2026-04-23,HMG2,1130,4.0,40680.0,17419.176,0.42819999999999997,29295
HANAMKONDA,2026-04-23,HMG3,1130,4.0,40680.0,13461.012,0.3309,22635
HANAMKONDA,2026-04-23,HMG4,1130,4.0,40680.0,19965.744,0.49079999999999996,33577
HANAMKONDA,2026-04-23,NZB3,280,1.22,14162.4,11366.742240000001,0.8026000000000001,14700
HANAMKONDA,2026-04-23,TPT1,1500,2.0,54000.0,32918.4,0.6096,55360
HYDERABAD-I,2026-04-23,9002,418,0.0,21050.48,12821.847367999999,0.6091,16582
HYDERABAD-I,2026-04-23,9003,198,0.0,9971.28,8610.20028,0.8634999999999998,11135
HYDERABAD-I,2026-04-23,BCK2,716,1.85,35084.0,41092.0664,1.1712480446927376,53141
HYDERABAD-I,2026-04-23,BNGE,1310,1.0,57168.4,11965.34612,0.20929999999999999,29743
HYDERABAD-I,2026-04-23,NDL8,580,1.0,20810.4,9004.660080000001,0.43270000000000003,15142
HYDERABAD-I,2026-04-23,NGP2,1029,1.0,49392.0,17361.288,0.35150000000000003,30422
HYDERABAD-I,2026-04-23,NGPM,1029,1.0,49392.0,22132.5552,0.4481,38783
HYDERABAD-I,2026-04-23,PUNE,1152,1.0,55296.0,10539.417599999999,0.1906,18472
HYDERABAD-I,2026-04-23,RC01,418,1.0,21050.48,13613.345416,0.6467,17604
HYDERABAD-I,2026-04-23,RC10,418,1.0,20640.84,29547.36246,1.4315,38211
HYDERABAD-I,2026-04-23,RC13,526,1.25,25973.88,22636.898112000003,0.8715254752851712,29274
HYDERABAD-I,2026-04-23,RC14,418,1.0,20640.84,18488.000388,0.8957,23908
HYDERABAD-I,2026-04-23,RC16,746,1.78,36837.48,25452.72348,0.6909463806970509,32916
HYDERABAD-I,2026-04-23,RC17,418,1.0,20640.84,23823.657528000003,1.1542000000000001,30809
HYDERABAD-I,2026-04-23,RC22,418,1.0,20640.84,32325.619524,1.5661,41804
HYDERABAD-I,2026-04-23,RC23,616,1.47,30418.08,37869.097332000005,1.2449535714285715,48972
HYDERABAD-I,2026-04-23,RC24,418,1.0,20640.84,14355.70422,0.6955,18564
HYDERABAD-I,2026-04-23,RC25,418,1.0,20640.84,19489.081128,0.9442,25202
HYDERABAD-I,2026-04-23,RC29,418,1.0,20640.84,26391.378023999998,1.2786,34128
HYDERABAD-I,2026-04-23,RC30,328,0.78,16196.640000000001,14355.082032,0.8863,18564
HYDERABAD-I,2026-04-23,RC32,328,0.78,16196.640000000001,11269.622112000001,0.6958,14574
HYDERABAD-I,2026-04-23,RC34,328,0.78,16196.640000000001,14207.692608000001,0.8772,18373
HYDERABAD-I,2026-04-23,RC36,418,1.0,21050.48,17074.044328,0.8111,22079
HYDERABAD-I,2026-04-23,RC38,746,1.78,36837.48,26625.123192,0.7227726541554959,34433
HYDERABAD-I,2026-04-23,RC42,616,1.47,30418.08,24116.105639999998,0.7928214285714285,31186
HYDERABAD-I,2026-04-23,RC44,198,0.47,9777.24,7293.82104,0.746,9432
HYDERABAD-I,2026-04-23,RC50,418,1.0,20640.84,19061.81574,0.9234999999999999,24652
HYDERABAD-I,2026-04-23,RCR1,418,1.0,20640.84,26804.194824000006,1.2986000000000002,34664
HYDERABAD-I,2026-04-23,RCR2,746,1.78,36837.48,35463.53088,0.9627024128686326,45861
HYDERABAD-I,2026-04-23,RCR3,418,1.0,20640.84,22129.044563999996,1.0720999999999998,28618
HYDERABAD-I,2026-04-23,RCR4,616,1.47,30418.08,23079.935472,0.7587571428571428,29846
HYDERABAD-I,2026-04-23,RCR5,328,0.78,16196.640000000001,14355.082032,0.8863,18564
HYDERABAD-I,2026-04-23,RCR8,328,0.78,16196.640000000001,14355.082032,0.8863,18564
HYDERABAD-I,2026-04-23,RCR9,746,1.78,36837.48,30664.53558,0.8324276139410187,39656
HYDERABAD-I,2026-04-23,SEDM,340,1.0,16789.2,18003.05916,1.0723,23281
HYDERABAD-II,2026-04-23,9001,336,0.0,17949.12,16567.03776,0.923,17605
HYDERABAD-II,2026-04-23,9002,300,0.0,15108.0,12228.4152,0.8094,15814
HYDERABAD-II,2026-04-23,9003,371,0.0,18683.559999999998,12640.526188,0.6765587601078168,18729
HYDERABAD-II,2026-04-23,9010,400,0.0,20144.0,21612.4976,1.0729,27950
HYDERABAD-II,2026-04-23,BCK5,608,3.04,29792.0,33272.8032,1.1168368421052632,43028
HYDERABAD-II,2026-04-23,DGL4,800,4.0,39200.0,24237.359999999997,0.6183,31345
HYDERABAD-II,2026-04-23,J012,361,2.0,17689.0,25065.313,1.4169999999999998,32414
HYDERABAD-II,2026-04-23,J021,361,2.0,17689.0,20022.179099999998,1.1319,25892
HYDERABAD-II,2026-04-23,K027,476,2.0,23971.36,13718.809327999998,0.5722999999999999,17741
HYDERABAD-II,2026-04-23,KL10,722,4.0,35378.0,41600.9902,1.1759,53798
HYDERABAD-II,2026-04-23,KL11,361,2.0,17689.0,18497.3873,1.0456999999999999,23921
HYDERABAD-II,2026-04-23,KL12,361,2.0,17689.0,24005.7419,1.3571,31045
HYDERABAD-II,2026-04-23,KL13,361,2.0,17689.0,14607.5762,0.8258,18891
HYDERABAD-II,2026-04-23,KLP3,361,2.0,17689.0,19183.7205,1.0845,24808
HYDERABAD-II,2026-04-23,KLP4,361,2.0,17689.0,15095.7926,0.8534,19521
HYDERABAD-II,2026-04-23,KLP8,722,4.0,35378.0,41118.0805,1.16225,53175
HYDERABAD-II,2026-04-23,MLG1,386,3.27,18914.0,16328.456199999999,0.8633,21117
HYDERABAD-II,2026-04-23,N061,400,2.0,19600.0,21122.92,1.0776999999999999,27317
HYDERABAD-II,2026-04-23,T009,361,2.0,17689.0,20031.023599999997,1.1323999999999999,25905
HYDERABAD-II,2026-04-23,TRB1,608,4.0,33440.0,34627.119999999995,1.0354999999999999,36798
HYDERABAD-II,2026-04-23,TRB2,304,2.0,16720.0,0.0,0.0,0
HYDERABAD-II,2026-04-23,TRC1,760,4.0,41800.0,32668.79,0.78155,34718
HYDERABAD-II,2026-04-23,Z012,780,3.2800000000000002,38516.4,21932.047992,0.5694210256410256,28361
HYDERABAD-II,2026-04-23,Z019,476,2.0,23504.88,22484.768208,0.9566,29076
HYDERABAD-II,2026-04-23,Z026,780,3.2800000000000002,38516.4,23900.21628,0.6205205128205128,30906
HYDERABAD-II,2026-04-23,Z028,384,1.61,18961.920000000002,14638.602240000002,0.772,18930
HYDERABAD-II,2026-04-23,Z031,384,1.61,18961.920000000002,11445.414912000002,0.6036,14800
HYDERABAD-II,2026-04-23,Z033,384,1.61,18961.920000000002,15431.210496000002,0.8138,19956
HYDERABAD-II,2026-04-23,Z034,476,2.0,23504.88,16331.190624000003,0.6948000000000001,21118
IBRAHIMPATNAM,2026-04-23,231,172,0.0,10330.32,10987.328352,1.0636,14385
IBRAHIMPATNAM,2026-04-23,742,155,0.0,9306.2,6068.57302,0.6520999999999999,7945
IBRAHIMPATNAM,2026-04-23,1462,160,0.0,9576.38,6898.824152,0.7204,9032
IBRAHIMPATNAM,2026-04-23,1681,311,0.0,18672.44,7870.433459999999,0.4215,10305
IBRAHIMPATNAM,2026-04-23,1722,179,0.0,10765.172,6315.9264124,0.5867,8269
IBRAHIMPATNAM,2026-04-23,1901,175,0.0,10507.0,8529.582600000002,0.8118000000000002,11167
IBRAHIMPATNAM,2026-04-23,1921,175,0.0,10507.0,8405.6,0.8,11004
IBRAHIMPATNAM,2026-04-23,2141,130,0.0,7793.192000000001,5539.4008736000005,0.7108,7252
IBRAHIMPATNAM,2026-04-23,2301,160,0.0,7266.820000000001,5971.145994,0.8217,8736
IBRAHIMPATNAM,2026-04-23,9503,140,0.0,8408.4,9319.02972,1.1083,12200
JANGAON,2026-04-23,9001,1,0.0,53.13,0.0,0.0,31030
JANGAON,2026-04-23,9002,1,0.0,53.13,0.0,0.0,9556
JANGAON,2026-04-23,9003,2,0.0,106.26,0.0,0.0,47109
JANGAON,2026-04-23,9004,1,0.0,53.13,0.0,0.0,8930
JANGAON,2026-04-23,9005,120,0.0,6375.6,9391.89636,1.4731,9981
JANGAON,2026-04-23,9006,350,0.0,18305.0,25421.984,1.3888,32875
JANGAON,2026-04-23,9007,312,0.0,16317.599999999999,2155.55496,0.1321,2788
JANGAON,2026-04-23,B059,357,4.0,19649.28,34948.209408,1.7786000000000002,37140
JANGAON,2026-04-23,H121,240,6.32,13209.6,25941.01248,1.9638,27568
JANGAON,2026-04-23,HN12,330,6.0,18163.2,5470.755840000001,0.3012,5814
JANGAON,2026-04-23,HYD1,422,5.75,21344.76,14369.292431999997,0.6731999999999999,18582
JANGAON,2026-04-23,JGT3,466,4.57,23570.28,24150.108888,1.0246,31231
JANGAON,2026-04-23,JGT5,466,4.57,23570.28,11174.669747999998,0.47409999999999997,14450
JANGAON,2026-04-23,S188,360,4.11,19814.4,7943.592960000001,0.40090000000000003,8441
JANGAON,2026-04-23,SDP5,120,2.0,6604.8,16675.138560000003,2.5247000000000006,17721
JANGAON,2026-04-23,W910,357,4.0,19649.28,9824.64,0.5,10441
KARIMNAGAR-I,2026-04-23,9046,408,0.0,22484.88,25817.139216,1.1481999999999999,27436
KARIMNAGAR-I,2026-04-23,AJP1,160,4.0,8603.2,12078.892800000001,1.4040000000000001,12836
KARIMNAGAR-I,2026-04-23,BMP1,660,16.0,36372.6,19859.439599999998,0.5459999999999999,21104
KARIMNAGAR-I,2026-04-23,BMP4,330,8.0,18186.3,12506.718509999999,0.6877,13290
KARIMNAGAR-I,2026-04-23,BNG3,1510,2.0,54360.0,25935.156000000003,0.4771,43611
KARIMNAGAR-I,2026-04-23,BNG5,1498,2.0,0.0,0.0,,42266
KARIMNAGAR-I,2026-04-23,DKD1,200,4.0,10754.0,7733.2014,0.7191,8218
KARIMNAGAR-I,2026-04-23,ELG3,358,8.0,19729.38,16260.954996000002,0.8242,17280
KARIMNAGAR-I,2026-04-23,GBK1,360,8.0,19839.6,17661.211919999998,0.8902,18768
KARIMNAGAR-I,2026-04-23,GPK2,368,8.0,20280.48,17682.550511999998,0.8718999999999999,18792
KARIMNAGAR-I,2026-04-23,GVR1,208,3.94,11462.88,5360.0426879999995,0.4676,5696
KARIMNAGAR-I,2026-04-23,HZB4,104,2.89,5592.08,3321.6955199999998,0.594,3530
KARIMNAGAR-I,2026-04-23,HZB5,324,8.0,17855.64,15446.914164000002,0.8651000000000001,16416
KARIMNAGAR-I,2026-04-23,JBE3,499,6.0,25054.79,19227.045846,0.7674,24864
KARIMNAGAR-I,2026-04-23,JG04,200,4.85,10754.0,10861.54,1.01,11542
KARIMNAGAR-I,2026-04-23,JH03,526,6.0,26410.46,20629.210306,0.7811,26676
KARIMNAGAR-I,2026-04-23,JH04,526,6.0,26410.46,20629.210306,0.7811,26676
KARIMNAGAR-I,2026-04-23,JM21,100,1.92,5377.0,4654.3312000000005,0.8656000000000001,4946
KARIMNAGAR-I,2026-04-23,JM22,208,4.0,11184.16,8754.960448,0.7827999999999999,9304
KARIMNAGAR-I,2026-04-23,JMK2,208,3.94,11462.88,6181.931184,0.5393,6570
KARIMNAGAR-I,2026-04-23,JMK4,208,4.0,11184.16,7955.293007999999,0.7112999999999999,8454
KARIMNAGAR-I,2026-04-23,KBJ1,317,0.0,16702.73,16408.761951999997,0.9823999999999998,21220
KARIMNAGAR-I,2026-04-23,KHD2,236,4.66,12689.720000000001,5427.393244000001,0.4277,5768
KARIMNAGAR-I,2026-04-23,KMR5,204,0.0,11242.44,10091.214144000001,0.8976000000000001,10724
KARIMNAGAR-I,2026-04-23,LGP1,330,8.0,17744.100000000002,8607.662910000001,0.4851,9148
KARIMNAGAR-I,2026-04-23,MNC1,453,0.0,22745.13,17900.41731,0.787,23150
KARIMNAGAR-I,2026-04-23,MNC3,453,0.0,22745.13,18030.064551,0.7927,23316
KARIMNAGAR-I,2026-04-23,MND1,316,8.0,17414.76,9680.865084000001,0.5559000000000001,10288
KARIMNAGAR-I,2026-04-23,MW01,1820,2.0,0.0,0.0,,52788
KARIMNAGAR-I,2026-04-23,NLP1,383,8.0,21107.13,13694.305944,0.6487999999999999,14554
KARIMNAGAR-I,2026-04-23,NS04,430,10.0,21590.3,17842.22392,0.8264,23074
KARIMNAGAR-I,2026-04-23,NS05,430,10.0,21590.3,17842.22392,0.8264,23074
KARIMNAGAR-I,2026-04-23,NS08,430,0.0,21590.3,17842.22392,0.8264,23074
KARIMNAGAR-I,2026-04-23,NS09,430,0.0,21590.3,17842.22392,0.8264,23074
KARIMNAGAR-I,2026-04-23,PH03,387,4.0,21327.57,21342.499299,1.0007,22680
KARIMNAGAR-I,2026-04-23,PH05,387,4.0,21327.57,16663.230441,0.7813,17708
KARIMNAGAR-I,2026-04-23,PTR4,315,8.0,17359.65,17245.076310000004,0.9934000000000002,18326
KARIMNAGAR-I,2026-04-23,RPL1,160,3.0,8603.2,9345.65616,1.0863,9932
KUKATPALLY,2026-04-23,111,132,0.0,7894.92,11382.895656,1.4418,14903
KUKATPALLY,2026-04-23,122,126,0.0,7536.06,11060.675262,1.4677,14481
KUKATPALLY,2026-04-23,551,134,0.0,5735.2,6969.41504,1.2152,10197
KUKATPALLY,2026-04-23,721,128,0.0,7655.68,8653.980672000002,1.1304,11330
KUKATPALLY,2026-04-23,722,132,0.0,7894.92,1619.248092,0.2051,2120
KUKATPALLY,2026-04-23,1071,379,0.0,16301.300000000001,17530.418020000005,1.0754000000000001,25648
KUKATPALLY,2026-04-23,1111,402,0.0,17205.6,9363.28752,0.5442,13699
KUKATPALLY,2026-04-23,1121,126,0.0,5392.799999999999,8368.54704,1.5518,12244
KUKATPALLY,2026-04-23,1722,129,0.0,7715.490000000001,9644.362500000001,1.25,12626
MAHABOOBABAD,2026-04-23,9002,360,0.0,19126.8,12960.31968,0.6776000000000001,13772
MAHABOOBABAD,2026-04-23,ASP1,374,4.3,19870.620000000003,7501.159050000001,0.3775,7972
MAHABOOBABAD,2026-04-23,ASP3,300,3.45,15939.0,12418.0749,0.7791,13196
MAHABOOBABAD,2026-04-23,ASP5,348,4.0,18489.24,6963.047784,0.3766,7400
MAHABOOBABAD,2026-04-23,ASP7,348,4.0,19153.92,14516.755968,0.7579,15426
MAHABOOBABAD,2026-04-23,ASP8,348,4.0,19153.92,9590.367744,0.5007,10192
MAHABOOBABAD,2026-04-23,ATC1,300,10.0,16512.0,12587.097600000001,0.7623000000000001,13376
MAHABOOBABAD,2026-04-23,BDB2,254,7.26,13495.02,11021.382834,0.8167,11712
MAHABOOBABAD,2026-04-23,BPL1,250,6.06,13760.0,8095.007999999999,0.5882999999999999,8602
MAHABOOBABAD,2026-04-23,CHG1,160,2.67,8500.800000000001,8373.288,0.9849999999999999,8898
MAHABOOBABAD,2026-04-23,DKL1,360,9.52,19814.4,6667.5455999999995,0.33649999999999997,7086
MAHABOOBABAD,2026-04-23,DKL2,360,9.52,19814.4,6285.1276800000005,0.3172,6680
MAHABOOBABAD,2026-04-23,ESR1,348,4.0,18200.399999999998,8743.47216,0.48040000000000005,11307
MAHABOOBABAD,2026-04-23,EY03,230,6.05,12029.0,11244.709200000001,0.9348000000000001,14542
MAHABOOBABAD,2026-04-23,EY04,456,12.0,23848.8,11604.826079999999,0.4866,15008
MAHABOOBABAD,2026-04-23,GGR1,405,8.0,22291.2,7784.08704,0.3492,8272
MAHABOOBABAD,2026-04-23,GUM1,170,3.43,9032.1,6479.62854,0.7173999999999999,6886
MAHABOOBABAD,2026-04-23,HBC1,360,4.12,18828.0,9835.7472,0.5224,12720
MAHABOOBABAD,2026-04-23,HK01,400,1.53,20232.0,12390.0768,0.6124,16024
MAHABOOBABAD,2026-04-23,HN09,360,1.55,18208.8,17877.399840000002,0.9818000000000001,23119
MAHABOOBABAD,2026-04-23,HYD1,360,1.55,18208.8,12476.669759999999,0.6851999999999999,16136
MAHABOOBABAD,2026-04-23,HYD2,446,2.0,22558.68,14730.81804,0.653,19050
MAHABOOBABAD,2026-04-23,HYD3,360,1.55,18208.8,11009.04048,0.6046,14236
MAHABOOBABAD,2026-04-23,KM08,320,6.4,17612.8,6990.52032,0.3969,7428
MAHABOOBABAD,2026-04-23,KM13,400,8.0,22016.0,12491.8784,0.5674,13274
MAHABOOBABAD,2026-04-23,KPH1,358,1.57,18107.64,9819.773172,0.5423,12700
MAHABOOBABAD,2026-04-23,MCL1,360,1.43,18208.8,16300.517759999999,0.8952,21080
MAHABOOBABAD,2026-04-23,NH01,304,8.0,15899.199999999999,9666.7136,0.608,12502
MAHABOOBABAD,2026-04-23,NK02,320,3.02,16185.599999999999,15879.692159999999,0.9811,20536
MAHABOOBABAD,2026-04-23,NP03,300,5.77,15939.0,13054.041000000001,0.8190000000000001,13873
MAHABOOBABAD,2026-04-23,TS01,340,7.56,18064.2,39963.42966,2.2123,42470
MAHABOOBABAD,2026-04-23,TS05,360,8.0,19814.4,8928.36864,0.4506,9488
MAHABOOBABAD,2026-04-23,WL07,300,4.0,16512.0,15106.8288,0.9148999999999999,16054
MAHABOOBABAD,2026-04-23,YL03,276,7.26,15191.039999999999,7419.303936,0.48840000000000006,7885
MAHABOOBABAD,2026-04-23,YL13,352,9.26,17804.16,11891.398464,0.6679,15378
NARSAMPET,2026-04-23,9062,320,0.0,16736.0,12779.6096,0.7636,16526
NARSAMPET,2026-04-23,BRP1,200,9.33,10626.0,8269.153199999999,0.7781999999999999,8788
NARSAMPET,2026-04-23,HNE5,240,0.0,12552.0,4563.9072,0.3636,5902
NARSAMPET,2026-04-23,HNE6,320,0.0,16736.0,4513.6992,0.2697,5838
NARSAMPET,2026-04-23,HNE7,240,0.0,12552.0,4665.5784,0.37170000000000003,6034
NARSAMPET,2026-04-23,MLG6,258,6.0,14200.32,11265.113856,0.7933,11972
NARSAMPET,2026-04-23,NH01,80,2.06,4250.400000000001,2523.88752,0.5938,2682
NARSAMPET,2026-04-23,NZ14,446,1.7,22558.68,15019.569144,0.6658,19422
NARSAMPET,2026-04-23,WGL1,260,8.07,14310.4,11103.43936,0.7759,11800
NIZAMABAD-I,2026-04-23,BJB1,672,3.26,34641.6,973.42896,0.0281,1258
NIZAMABAD-I,2026-04-23,BME1,402,2.0,20723.1,70.45854,0.0034000000000000002,92
NIZAMABAD-I,2026-04-23,BME2,402,2.0,20723.1,296.34033,0.0143,384
NIZAMABAD-I,2026-04-23,BME4,268,1.33,13815.4,515.3144199999999,0.03729999999999999,666
NIZAMABAD-I,2026-04-23,BNG1,1536,0.0,64512.0,17166.6432,0.2661,42667
NIZAMABAD-I,2026-04-23,BNLR,110,2.1,5869.6,135.58776,0.0231,144
NIZAMABAD-I,2026-04-23,BNS2,370,5.97,20498.0,18823.3134,0.9183,20004
NIZAMABAD-I,2026-04-23,BNS7,174,2.38,9284.64,184.764336,0.0199,196
NIZAMABAD-I,2026-04-23,CHK1,224,8.0,12409.6,32375.40544,2.6088999999999998,34405
NIZAMABAD-I,2026-04-23,GDKL,54,1.93,2991.6,184.58172,0.0617,196
NIZAMABAD-I,2026-04-23,GDP1,271,9.68,15013.4,14199.673719999999,0.9458,15090
NIZAMABAD-I,2026-04-23,JBH1,328,1.49,16908.399999999998,422.71,0.025,546
NIZAMABAD-I,2026-04-23,JBH2,336,1.53,17320.8,500.57112,0.028900000000000002,648
NIZAMABAD-I,2026-04-23,KKT1,120,2.38,6403.2,376.50816,0.0588,400
NIZAMABAD-I,2026-04-23,KMH1,266,7.04,14193.76,157.550736,0.0111,168
NIZAMABAD-I,2026-04-23,KMH4,336,6.0,18614.399999999998,109.82495999999999,0.0059,116
NIZAMABAD-I,2026-04-23,KMH7,336,6.0,18614.399999999998,545.40192,0.029300000000000003,580
NIZAMABAD-I,2026-04-23,KRT1,220,4.32,11739.2,3980.7627199999997,0.33909999999999996,4230
NIZAMABAD-I,2026-04-23,MSN1,368,6.0,20387.2,24236.303359999998,1.1887999999999999,25757
NIZAMABAD-I,2026-04-23,NDH7,270,9.64,14958.0,183.9834,0.012299999999999998,196
NIZAMABAD-I,2026-04-23,NDP6,224,8.0,12409.6,34369.62815999999,2.769599999999999,36525
NIZAMABAD-I,2026-04-23,NDPJ,220,4.1,12188.0,270.5736,0.0222,288
NIZAMABAD-I,2026-04-23,NDPS,276,5.24,15290.4,19972.32048,1.3062,21225
NIZAMABAD-I,2026-04-23,NR01,268,4.0,13815.4,317.75419999999997,0.023,411
NIZAMABAD-I,2026-04-23,NR02,402,6.0,20723.1,395.81120999999996,0.0191,512
NIZAMABAD-I,2026-04-23,NR03,268,4.0,13815.4,624.4560799999999,0.0452,808
NIZAMABAD-I,2026-04-23,NR04,268,4.0,13815.4,7497.617580000001,0.5427000000000001,9696
NIZAMABAD-I,2026-04-23,NR05,722,10.780000000000001,37219.1,28494.87079,0.7655980609418284,36850
NIZAMABAD-I,2026-04-23,NR06,402,0.0,20723.1,443.47434000000004,0.021400000000000002,573
NIZAMABAD-I,2026-04-23,TBL1,200,5.26,10672.0,180.3568,0.0169,192
NIZAMABAD-I,2026-04-23,TPT1,1492,0.0,62664.0,13735.9488,0.2192,34133
NIZAMABAD-I,2026-04-23,VLML,302,8.03,16114.72,157.92425599999999,0.0098,168
NIZAMABAD-I,2026-04-23,WH10,460,2.0,23713.0,481.3739,0.0203,624
NIZAMABAD-I,2026-04-23,WH13,226,0.98,11650.3,15708.09949,1.3483,20314
NIZAMABAD-I,2026-04-23,WH14,260,1.13,13403.0,845.7292999999999,0.06309999999999999,1094
NIZAMABAD-I,2026-04-23,WLH9,224,0.97,11547.199999999999,20029.773119999998,1.7346,25902
NIZAMABAD-I,2026-04-23,YGH1,330,6.0,18282.0,546.6318,0.0299,580
NIZAMABAD-I,2026-04-23,YRD2,134,4.04,7150.24,383.96788799999996,0.0537,408
PARKAL,2026-04-23,9001,200,0.0,10460.0,3907.8559999999998,0.3736,5054
PARKAL,2026-04-23,9002,276,0.0,14434.8,4559.95332,0.3159,5896
PARKAL,2026-04-23,9003,176,0.0,9204.8,5088.413439999999,0.5528,6580
PARKAL,2026-04-23,9004,344,0.0,17991.2,2731.06416,0.1518,3532
PARKAL,2026-04-23,KGT2,1152,6.0,47151.36,20100.624768,0.4263,29614
THORROR,2026-04-23,9002,345,0.0,18043.5,5902.02885,0.3271,7632
THORROR,2026-04-23,9004,283,0.0,14800.9,0.0,0.0,66224
THORROR,2026-04-23,9005,283,0.0,14800.9,0.0,0.0,69845
THORROR,2026-04-23,9006,283,0.0,14800.9,38023.5121,2.569,49172
THORROR,2026-04-23,9011,283,0.0,14800.9,3868.95526,0.2614,5004
THORROR,2026-04-23,9012,283,0.0,14800.9,18307.23321,1.2368999999999999,23674
THORROR,2026-04-23,9013,283,0.0,14800.9,30482.45355,2.0595,39420
THORROR,2026-04-23,9015,283,0.0,14800.9,0.0,0.0,166541
THORROR,2026-04-23,9026,340,0.0,17782.0,10130.4054,0.5697,13100
THORROR,2026-04-23,AN02,230,4.0,12659.199999999999,26188.08704,2.0687,27830
THORROR,2026-04-23,AN05,345,6.0,18988.8,10730.570879999997,0.5650999999999999,11404
THORROR,2026-04-23,BBD5,280,1.51,15411.199999999999,13437.02528,0.8719,14280
THORROR,2026-04-23,JG05,380,2.05,20915.2,16349.411840000002,0.7817000000000001,17374
THORROR,2026-04-23,JHO2,280,1.7,15411.199999999999,14995.0976,0.973,15936
THORROR,2026-04-23,JHO3,280,1.7,15411.199999999999,16220.287999999999,1.0525,17238
THORROR,2026-04-23,JJE2,410,2.22,20737.8,15113.708639999999,0.7288,19546
THORROR,2026-04-23,KHE1,390,6.0,19726.2,16944.805800000002,0.8590000000000001,21912
THORROR,2026-04-23,KMO2,432,6.17,23777.28,20619.657216,0.8672,21912
THORROR,2026-04-23,KMO3,432,6.17,23777.28,18743.629824,0.7883,19920
THORROR,2026-04-23,KMO4,380,5.43,20915.2,19195.97056,0.9178000000000001,20400
THORROR,2026-04-23,KSR1,350,6.0,19264.0,16243.404799999998,0.8432,17262
THORROR,2026-04-23,MB01,360,8.0,19814.4,17656.61184,0.8911,18764
THORROR,2026-04-23,MB05,360,8.0,19814.4,15009.408,0.7575,15950
THORROR,2026-04-23,MB11,360,8.0,19814.4,18326.33856,0.9248999999999999,19476
THORROR,2026-04-23,MJE1,440,4.0,22255.2,20470.332960000003,0.9198000000000002,26471
THORROR,2026-04-23,MJE2,390,3.55,19726.2,16238.607839999999,0.8231999999999999,21001
THORROR,2026-04-23,MJE3,440,4.0,22255.2,28368.70344,1.2747,36687
THORROR,2026-04-23,MJE5,380,3.45,19220.399999999998,16406.53344,0.8536,21216
THORROR,2026-04-23,MJE6,280,1.7,14162.4,12322.704240000001,0.8701000000000001,15936
THORROR,2026-04-23,MJE7,422,4.22,21344.76,17758.84032,0.8320000000000001,22967
THORROR,2026-04-23,MJE8,280,1.7,14162.4,12066.3648,0.852,15604
THORROR,2026-04-23,NSP1,280,4.87,15411.199999999999,14995.0976,0.973,15936
THORROR,2026-04-23,NSP2,300,5.22,16512.0,18952.473599999998,1.1478,20141
THORROR,2026-04-23,PH07,300,7.45,16512.0,15025.92,0.91,15968
THORROR,2026-04-23,PKM1,432,6.17,23777.28,21737.189376,0.9142,23100
THORROR,2026-04-23,PNZ7,534,1.93,27009.719999999998,19533.429503999996,0.7232,25262
THORROR,2026-04-23,RJE1,390,2.11,19726.2,16378.66386,0.8303,21182
THORROR,2026-04-23,RPJ5,380,2.05,20915.2,20618.20416,0.9858,21912
THORROR,2026-04-23,SR02,340,5.83,18713.6,17480.37376,0.9341,18576
THORROR,2026-04-23,SR04,300,5.14,16512.0,16870.310400000002,1.0217,17928
THORROR,2026-04-23,SR05,300,5.14,16512.0,15052.339199999999,0.9116,15996
THORROR,2026-04-23,WL10,400,8.0,22016.0,18744.4224,0.8513999999999999,19920
THORROR,2026-04-23,WL15,400,8.0,22016.0,37418.3936,1.6996000000000002,39764
THORROR,2026-04-23,WL21,400,8.0,22016.0,13121.536,0.596,13944
THORROR,2026-04-23,WLO2,400,8.0,22016.0,49097.88159999999,2.2300999999999997,52177
THORROR,2026-04-23,WLO3,315,6.3,17337.6,16243.597439999998,0.9369,17262
THORROR,2026-04-23,WLO4,400,8.0,22016.0,18744.4224,0.8513999999999999,19920
WARANGAL-I,2026-04-23,9009,222,0.0,11610.599999999999,7083.627059999999,0.6101,9160
WARANGAL-I,2026-04-23,9030,532,0.0,21774.76,7534.06696,0.34600000000000003,11102
WARANGAL-I,2026-04-23,9065,242,0.0,12656.599999999999,10406.256519999999,0.8222,13457
WARANGAL-I,2026-04-23,9066,242,0.0,12656.599999999999,12541.424939999999,0.9909,16219
WARANGAL-I,2026-04-23,9067,474,0.0,24790.199999999997,25023.22788,1.0094,32360
WARANGAL-I,2026-04-23,9068,242,0.0,12656.599999999999,13646.346119999997,1.0781999999999998,17648
WARANGAL-I,2026-04-23,9075,446,0.0,24547.84,22213.340416,0.9048999999999999,23606
WARANGAL-I,2026-04-23,9086,266,0.0,10887.38,3164.961366,0.2907,4664
WARANGAL-I,2026-04-23,9087,266,0.0,10887.38,2410.465932,0.2214,3552
WARANGAL-I,2026-04-23,9088,266,0.0,10887.38,14324.525865999998,1.3156999999999999,21106
WARANGAL-I,2026-04-23,BGL1,1528,2.0,64176.0,14253.4896,0.22210000000000002,35427
WARANGAL-I,2026-04-23,JFO1,428,10.13,23557.12,29323.902976,1.2448000000000001,31162
WARANGAL-I,2026-04-23,KH01,380,2.17,19874.0,14122.4644,0.7106,18262
WARANGAL-I,2026-04-23,KH02,486,2.77,24581.879999999997,15051.485123999997,0.6123,19466
WARANGAL-I,2026-04-23,KME1,494,4.0,24986.52,23547.296447999997,0.9423999999999999,30450
WARANGAL-I,2026-04-23,NE09,474,2.0,23974.92,19568.329704,0.8162,25306
WARANGAL-I,2026-04-23,NE11,446,2.0,22558.68,30093.279120000003,1.334,38918
WARANGAL-I,2026-04-23,NE52,474,2.0,23974.92,28021.886496,1.1688,36238
WARANGAL-I,2026-04-23,NSO1,336,10.0,18493.44,7691.421696,0.41590000000000005,8174
WARANGAL-I,2026-04-23,NSO2,336,10.0,18493.44,10467.287040000001,0.5660000000000001,11124
WARANGAL-I,2026-04-23,NZB2,474,2.0,23974.92,27252.291564,1.1367,35242
WARANGAL-I,2026-04-23,PKO1,336,10.0,18493.44,13311.578112,0.7198,14146
WARANGAL-I,2026-04-23,PLH2,336,6.0,18493.44,14659.749887999998,0.7927,15578
WARANGAL-I,2026-04-23,PLH3,336,6.0,18493.44,18223.435776,0.9853999999999999,19366
WARANGAL-I,2026-04-23,PLH4,336,6.0,18493.44,15118.3872,0.8175,16066
WARANGAL-I,2026-04-23,PLK3,336,6.0,18493.44,10861.197311999998,0.5872999999999999,11542
WARANGAL-I,2026-04-23,PLK4,224,4.0,12328.96,13543.36256,1.0985,14392
WARANGAL-I,2026-04-23,PLK6,336,6.0,18493.44,13601.925119999998,0.7354999999999999,14454
WARANGAL-I,2026-04-23,PLK7,336,6.0,18493.44,10202.830847999998,0.5517,10842
WARANGAL-I,2026-04-23,PLO3,336,6.0,18493.44,11617.579007999999,0.6282,12346
WARANGAL-I,2026-04-23,PLO4,336,6.0,18493.44,24596.2752,1.33,26138
WARANGAL-I,2026-04-23,PLO5,224,4.0,12328.96,10687.975423999998,0.8668999999999999,11358
WARANGAL-I,2026-04-23,SD10,348,4.0,19153.92,16765.426175999997,0.8753,17816
WARANGAL-I,2026-04-23,SD11,348,4.0,19153.92,12576.463871999998,0.6566,13366
WARANGAL-I,2026-04-23,SD12,348,4.0,19153.92,8492.848128,0.4434,9026
WARANGAL-I,2026-04-23,SDO1,348,4.0,19153.92,15100.950527999998,0.7884,16048
WARANGAL-I,2026-04-23,SDO2,348,4.0,19153.92,12361.939968,0.6454000000000001,13138
WARANGAL-I,2026-04-23,SDO5,348,4.0,19153.92,15723.452928,0.8209000000000001,16710
WARANGAL-I,2026-04-23,SDO8,348,4.0,19153.92,19017.927168000002,0.9929000000000002,20210
WARANGAL-I,2026-04-23,SDO9,348,4.0,19153.92,11969.284608,0.6249,12720
WARANGAL-I,2026-04-23,TGO4,216,4.0,11888.64,5459.263488,0.4592,5802
WARANGAL-I,2026-04-23,TGO6,324,6.0,17832.96,7687.789056,0.4311,8170
WARANGAL-I,2026-04-23,TGO8,324,6.0,17832.96,15204.381696,0.8526,16158
WARANGAL-I,2026-04-23,TKO2,328,4.0,18053.12,12644.405248,0.7004,13438
WARANGAL-I,2026-04-23,VGO1,280,5.45,15411.199999999999,8476.16,0.55,9008
WARANGAL-II,2026-04-23,BL04,440,4.0,22255.2,22787.099280000002,1.0239,29468
WARANGAL-II,2026-04-23,BPL3,396,5.77,20029.68,14813.951328,0.7395999999999999,19158
WARANGAL-II,2026-04-23,ED03,532,4.0,23940.0,0.0,0.0,0
WARANGAL-II,2026-04-23,ED04,1064,8.0,47880.0,12518.226,0.26145,18446
WARANGAL-II,2026-04-23,ED05,532,4.0,23940.0,0.0,0.0,0
WARANGAL-II,2026-04-23,ED06,1064,8.0,47880.0,7512.371999999999,0.15689999999999998,11070
WARANGAL-II,2026-04-23,ED08,532,4.0,23940.0,0.0,0.0,0
WARANGAL-II,2026-04-23,ED09,798,6.0,35910.0,6383.601,0.17776666666666666,9406
WARANGAL-II,2026-04-23,ED10,266,2.0,11970.0,0.0,0.0,0
WARANGAL-II,2026-04-23,ED11,532,4.0,23940.0,0.0,0.0,0
WARANGAL-II,2026-04-23,ED14,284,2.07,12780.0,0.0,0.0,0
WARANGAL-II,2026-04-23,ED15,284,2.07,12780.0,0.0,0.0,0
WARANGAL-II,2026-04-23,ED16,284,2.07,12780.0,0.0,0.0,0
WARANGAL-II,2026-04-23,ED17,550,4.0,24750.0,0.0,0.0,0
WARANGAL-II,2026-04-23,ED30,550,4.0,24750.0,0.0,0.0,0
WARANGAL-II,2026-04-23,ED33,480,2.0,21600.0,0.0,0.0,0
WARANGAL-II,2026-04-23,ED34,446,1.8599999999999999,20070.0,7120.080000000001,0.35476233183856504,10490
WARANGAL-II,2026-04-23,ED35,532,0.0,23940.0,0.0,0.0,0
WARANGAL-II,2026-04-23,ED36,532,0.0,23940.0,0.0,0.0,0
WARANGAL-II,2026-04-23,ED37,532,0.0,23940.0,0.0,0.0,0
WARANGAL-II,2026-04-23,EH03,486,3.0,24581.879999999997,0.0,0.0,0
WARANGAL-II,2026-04-23,EK01,498,5.77,26892.0,23635.3788,0.8788999999999999,30565
WARANGAL-II,2026-04-23,EK02,974,11.29,52596.0,42649.3728,0.8108862422997946,55154
WARANGAL-II,2026-04-23,EK03,967,11.2,52218.0,37127.764800000004,0.7110146845915203,48013
WARANGAL-II,2026-04-23,EL06,233,2.0,12582.0,11978.064,0.9520000000000001,15490
WARANGAL-II,2026-04-23,EM01,444,3.55,23976.0,22971.405600000002,0.9581000000000001,29708
WARANGAL-II,2026-04-23,EM07,250,2.0,13500.0,9736.2,0.7212000000000001,12590
WARANGAL-II,2026-04-23,EP01,440,5.92,23760.0,11404.8,0.48,14750
WARANGAL-II,2026-04-23,EP02,440,0.0,23760.0,15800.400000000001,0.665,20433
WARANGAL-II,2026-04-23,EP04,788,0.0,42552.0,26851.5648,0.6310294416243655,34725
WARANGAL-II,2026-04-23,EP05,440,0.0,23760.0,17221.248,0.7248,22270
WARANGAL-II,2026-04-23,EP06,174,0.0,9396.0,7756.398,0.8255,10030
WARANGAL-II,2026-04-23,EP07,440,0.0,23760.0,23396.472,0.9847,30257
WARANGAL-II,2026-04-23,EP08,440,0.0,23760.0,18074.232,0.7607,23373
WARANGAL-II,2026-04-23,EP10,440,0.0,23760.0,12666.456,0.5331,16380
WARANGAL-II,2026-04-23,EP11,440,0.0,23760.0,20939.688,0.8813,27078
WARANGAL-II,2026-04-23,ES01,532,4.0,21812.0,20300.4284,0.9307000000000001,34138
WARANGAL-II,2026-04-23,ES02,532,4.0,21812.0,14470.0808,0.6634,24336
WARANGAL-II,2026-04-23,ES03,532,4.0,21812.0,15748.264,0.722,26484
WARANGAL-II,2026-04-23,ES04,532,4.0,21812.0,8892.7524,0.40769999999999995,14956
WARANGAL-II,2026-04-23,ES05,532,4.0,21812.0,0.0,0.0,0
WARANGAL-II,2026-04-23,ES06,1064,8.0,43624.0,14286.86,0.3275,24028
WARANGAL-II,2026-04-23,ES07,532,4.0,21812.0,0.0,0.0,0
WARANGAL-II,2026-04-23,ES08,532,4.0,21812.0,0.0,0.0,0
WARANGAL-II,2026-04-23,ES12,532,4.0,21812.0,6443.2648,0.2954,10836
WARANGAL-II,2026-04-23,ES13,1082,8.14,44362.0,5394.1076,0.12159297597042515,9072
WARANGAL-II,2026-04-23,ES14,550,4.0,22550.0,0.0,0.0,0
WARANGAL-II,2026-04-23,ES15,532,3.87,21812.0,0.0,0.0,0
WARANGAL-II,2026-04-23,ES16,550,4.0,22550.0,0.0,0.0,0
WARANGAL-II,2026-04-23,ES17,550,4.0,22550.0,0.0,0.0,0
WARANGAL-II,2026-04-23,ES18,550,4.0,22550.0,0.0,0.0,0
WARANGAL-II,2026-04-23,ES19,532,3.87,21812.0,0.0,0.0,0
WARANGAL-II,2026-04-23,ES20,532,3.87,21812.0,0.0,0.0,0
WARANGAL-II,2026-04-23,ES34,532,4.0,21812.0,0.0,0.0,0
WARANGAL-II,2026-04-23,ET01,512,4.0,27648.0,28762.2144,1.0403,37194
WARANGAL-II,2026-04-23,EX01,532,4.0,28728.0,0.0,0.0,0
WARANGAL-II,2026-04-23,EX02,532,4.0,28728.0,0.0,0.0,0
WARANGAL-II,2026-04-23,EX03,532,4.0,28728.0,0.0,0.0,0
WARANGAL-II,2026-04-23,EX05,532,4.0,28728.0,0.0,0.0,0
WARANGAL-II,2026-04-23,EX06,470,3.53,25380.0,21326.814000000002,0.8403,27579
WARANGAL-II,2026-04-23,EX07,532,4.0,28728.0,0.0,0.0,0
WARANGAL-II,2026-04-23,EX10,532,4.0,28728.0,0.0,0.0,0
WARANGAL-II,2026-04-23,EX23,532,4.0,28728.0,0.0,0.0,0
WARANGAL-II,2026-04-23,EY02,456,4.0,24624.0,16301.088000000002,0.662,21082
WARANGAL-II,2026-04-23,EZ04,532,2.22,28728.0,0.0,0.0,0
WARANGAL-II,2026-04-23,EZ06,228,0.95,12312.0,11435.3856,0.9288,14788
WARANGAL-II,2026-04-23,EZ09,532,2.22,28728.0,18816.84,0.655,24334
WARANGAL-II,2026-04-23,JKH1,380,3.0,20915.2,0.0,0.0,0
